{
"type": "FeatureCollection",
"name": "github_klar_geometri",
"crs": { "type": "name", "properties": { "name": "urn:ogc:def:crs:OGC:1.3:CRS84" } },
"features": [{"type": "Feature",
		      "properties": {
			   "stroke": "#555555",
			   "stroke-width": 2,
			   "stroke-opacity": 1,
			   "fill": "#ED1C24",
			   "fill-opacity": 1
		     }, 
           "geometry": { "type": "Polygon", "coordinates": [ [ [ 12.078689673178133, 56.01837986534894 ], [ 12.078586040736612, 56.018392612542137 ], [ 12.078538252981931, 56.018395154716465 ], [ 12.078496324429695, 56.018384605223247 ], [ 12.078443246499615, 56.018385211851943 ], [ 12.078307484351695, 56.018397592680465 ], [ 12.078195792374427, 56.018395797598608 ], [ 12.078112600805454, 56.018387087649657 ], [ 12.078041749611385, 56.018388227901106 ], [ 12.078026504538233, 56.018378180496278 ], [ 12.077966007113625, 56.018374297532446 ], [ 12.077882234061441, 56.018360297978248 ], [ 12.077792244525014, 56.018354904010543 ], [ 12.077724999059384, 56.018326737234297 ], [ 12.077686826457077, 56.018302878690491 ], [ 12.077610096644733, 56.018282590015446 ], [ 12.077441240221502, 56.018250218100228 ], [ 12.077360709088264, 56.018230563579827 ], [ 12.077332424019904, 56.018230101172257 ], [ 12.077307313886434, 56.018243313851244 ], [ 12.077273280372166, 56.018259356369342 ], [ 12.077210845752603, 56.01825129620962 ], [ 12.07707707892969, 56.018226228367055 ], [ 12.076986924917481, 56.018200610912707 ], [ 12.076926656946494, 56.018171370528869 ], [ 12.076906760113095, 56.018147235270767 ], [ 12.076787327163302, 56.018100593375678 ], [ 12.076720441654114, 56.01808500277405 ], [ 12.076658487970413, 56.018076930333201 ], [ 12.076590131454932, 56.018056971391346 ], [ 12.076436032872131, 56.017998249248095 ], [ 12.076359203127375, 56.01795449897714 ], [ 12.076328741883291, 56.017930717233206 ], [ 12.076271576569722, 56.017924323033867 ], [ 12.076240781063815, 56.017918529173286 ], [ 12.076212103624311, 56.017913131926342 ], [ 12.076096571620583, 56.017891293702341 ], [ 12.076041781209501, 56.017870366575927 ], [ 12.075936654617543, 56.017815905289318 ], [ 12.075903258862645, 56.017783476598865 ], [ 12.07591129702597, 56.01775136226567 ], [ 12.075903375798903, 56.017728456230344 ], [ 12.075869299061976, 56.017707641343065 ], [ 12.075814655658156, 56.017672416702432 ], [ 12.075778135753893, 56.017626940873207 ], [ 12.075700747640454, 56.017578169868713 ], [ 12.075621724615305, 56.017541126330777 ], [ 12.075599644286051, 56.017521809948668 ], [ 12.075585742700067, 56.017496356204958 ], [ 12.07555390650465, 56.01746334912005 ], [ 12.075444630691941, 56.017368806670717 ], [ 12.075283497362221, 56.017223597229446 ], [ 12.075239035472764, 56.017169059957972 ], [ 12.075197316258528, 56.017142951831154 ], [ 12.075175781130499, 56.017124430854039 ], [ 12.075130064166462, 56.017076307605308 ], [ 12.075072221231522, 56.017035139337395 ], [ 12.074978291431346, 56.016951900305941 ], [ 12.07491166117499, 56.01691526630951 ], [ 12.074825905003138, 56.016833890884016 ], [ 12.07478238388239, 56.016779060294994 ], [ 12.074752344784711, 56.016756526220227 ], [ 12.074742026568712, 56.016699428872307 ], [ 12.074717852424424, 56.016669916235514 ], [ 12.074656931286761, 56.016606170344772 ], [ 12.074610598346665, 56.016570468176617 ], [ 12.074564241033439, 56.016558679405421 ], [ 12.074539364233855, 56.016540511383873 ], [ 12.074522096106978, 56.016513073868978 ], [ 12.074492559973503, 56.016494842280096 ], [ 12.074468836251127, 56.016475027319707 ], [ 12.07442197973511, 56.016456958107206 ], [ 12.074409491131675, 56.016445223351887 ], [ 12.074410247805439, 56.016414369543767 ], [ 12.074412795612103, 56.016387876043645 ], [ 12.074298776847929, 56.016312329493537 ], [ 12.074253860872476, 56.0162964592568 ], [ 12.07418053934742, 56.016296759982481 ], [ 12.074130144968411, 56.016300803862947 ], [ 12.074090416265596, 56.01629163640515 ], [ 12.074043658133506, 56.016262686971814 ], [ 12.073971847459701, 56.016203257783054 ], [ 12.073929272826966, 56.016180496802761 ], [ 12.073870763664297, 56.016165235170213 ], [ 12.073833178963262, 56.016162846384979 ], [ 12.073801773915495, 56.016139267386905 ], [ 12.073776862084911, 56.016120650603973 ], [ 12.073782464036311, 56.016092193094792 ], [ 12.073814966133599, 56.016073043306037 ], [ 12.073941316683696, 56.016006963435593 ], [ 12.074006387376938, 56.015963448032323 ], [ 12.074055758856893, 56.01593039273655 ], [ 12.074063382657407, 56.015880938601583 ], [ 12.073980230293092, 56.015808037970913 ], [ 12.073837357644855, 56.015730873381607 ], [ 12.073811393187933, 56.015692954846465 ], [ 12.07383375278712, 56.015568428160165 ], [ 12.073829554652519, 56.015509559944412 ], [ 12.07378302412936, 56.015422890391747 ], [ 12.073671410534144, 56.015361397265579 ], [ 12.073538970815891, 56.01534681067578 ], [ 12.073414687394147, 56.015370227078485 ], [ 12.073392025240317, 56.015347598621027 ], [ 12.073368127815854, 56.015323562601303 ], [ 12.073508671465344, 56.01520588748005 ], [ 12.073608304255426, 56.015072241843697 ], [ 12.073580302626539, 56.015020799513429 ], [ 12.073419839136653, 56.014938319742697 ], [ 12.073392420955953, 56.014908348384139 ], [ 12.073396963297606, 56.01488674954367 ], [ 12.073484556708298, 56.014769226245448 ], [ 12.073518856884741, 56.014710117074685 ], [ 12.07351394625775, 56.014642276844263 ], [ 12.07344783202678, 56.014565624750887 ], [ 12.073327252049939, 56.014504354961041 ], [ 12.073253063625746, 56.014437163593286 ], [ 12.07322497079315, 56.014388600193335 ], [ 12.073228502900776, 56.014344192523552 ], [ 12.073266733236837, 56.014290109583698 ], [ 12.073310207822521, 56.0142474926582 ], [ 12.073363865561978, 56.014179540290513 ], [ 12.073371926045338, 56.0141436498659 ], [ 12.073341675982448, 56.014092173664409 ], [ 12.07328635010454, 56.014034130979212 ], [ 12.073196356957613, 56.013919508122093 ], [ 12.07314804753954, 56.013866953966115 ], [ 12.073101670677758, 56.013812463748664 ], [ 12.073100845880361, 56.013791987629979 ], [ 12.073128270204466, 56.01373925296221 ], [ 12.073171688352666, 56.013704009099428 ], [ 12.073222553627922, 56.013651409036157 ], [ 12.073257835876175, 56.013540044836532 ], [ 12.07326951201614, 56.013527437664727 ], [ 12.073300897171757, 56.01350031493407 ], [ 12.07334468838267, 56.013489963378909 ], [ 12.073495027067681, 56.013471380910936 ], [ 12.073543320330129, 56.013459119047894 ], [ 12.073564323672707, 56.01343666016205 ], [ 12.073560720972708, 56.013405465592633 ], [ 12.073559811503111, 56.01339200361037 ], [ 12.073589876099813, 56.013366441998713 ], [ 12.073602194882852, 56.013343750215 ], [ 12.073591354136482, 56.013322445127294 ], [ 12.073556494348754, 56.01328969278601 ], [ 12.073570336884, 56.01327001952621 ], [ 12.073572606469908, 56.01323598156528 ], [ 12.073534826514544, 56.013190716362175 ], [ 12.073508592068215, 56.013141297598715 ], [ 12.073505808829303, 56.01306387513781 ], [ 12.073518980417731, 56.013005472677897 ], [ 12.07351874120863, 56.012974194220355 ], [ 12.073498283220104, 56.012948993684432 ], [ 12.07349565039598, 56.012930001020386 ], [ 12.073511066490427, 56.01291397432891 ], [ 12.073569156881591, 56.012897782293834 ], [ 12.073657808419497, 56.012872377605269 ], [ 12.073702271099567, 56.012834140853272 ], [ 12.073818335988607, 56.012717525239232 ], [ 12.07389812015612, 56.012661326810509 ], [ 12.073917012260928, 56.012638560924103 ], [ 12.0739144921689, 56.012612913017797 ], [ 12.073906600311041, 56.01255602477535 ], [ 12.073917814479193, 56.012527517148797 ], [ 12.07395335894571, 56.012476018080235 ], [ 12.074015636176586, 56.012379262863405 ], [ 12.074038620515836, 56.012329245742784 ], [ 12.074030918674037, 56.012258598402596 ], [ 12.074051159229105, 56.012234630182824 ], [ 12.074163906374892, 56.012155044951747 ], [ 12.074255260998996, 56.012131370327666 ], [ 12.07431051436679, 56.012121901132446 ], [ 12.074423811146881, 56.012079519630923 ], [ 12.074489724903479, 56.012032566705486 ], [ 12.074597962084635, 56.011936642271685 ], [ 12.074652079222364, 56.011838202428379 ], [ 12.074665620727037, 56.011748146546999 ], [ 12.07466223242686, 56.0116833248604 ], [ 12.074645950066888, 56.01164201851676 ], [ 12.074586571476512, 56.011601607609343 ], [ 12.074477234080181, 56.011578714589085 ], [ 12.074421827226615, 56.011557982035178 ], [ 12.074282881528795, 56.011483596886151 ], [ 12.074282027672298, 56.011462761895686 ], [ 12.074313986918341, 56.01143481546567 ], [ 12.074372422960202, 56.011414928580656 ], [ 12.074408584401418, 56.011381303624631 ], [ 12.074420856093012, 56.011337846518323 ], [ 12.074409123963223, 56.011305326510751 ], [ 12.074394939001069, 56.01124598824893 ], [ 12.074386747792229, 56.011233786704494 ], [ 12.074380400629696, 56.011224595680218 ], [ 12.074366043825806, 56.011203468273699 ], [ 12.0743676415394, 56.011179156004417 ], [ 12.074363801136544, 56.011155069301857 ], [ 12.07433735371232, 56.01112920924826 ], [ 12.074304509186048, 56.011115734882623 ], [ 12.074258898396298, 56.011101140623381 ], [ 12.074259827031758, 56.011076485456272 ], [ 12.074237832885059, 56.011056177849049 ], [ 12.074215849770438, 56.011038027510402 ], [ 12.074203278850234, 56.011011102074932 ], [ 12.074184390802438, 56.010961230490551 ], [ 12.074199229116529, 56.010897572267936 ], [ 12.074248234404028, 56.010839804021501 ], [ 12.074293772611808, 56.010778796028454 ], [ 12.074306795007892, 56.010756895677616 ], [ 12.074331025454971, 56.010740738864861 ], [ 12.074367192754899, 56.010725363021386 ], [ 12.074432546065346, 56.010681480596588 ], [ 12.074466827119274, 56.010622191745931 ], [ 12.074478429404936, 56.010533982210163 ], [ 12.074448971257452, 56.010484374374286 ], [ 12.074340760419492, 56.01038477032602 ], [ 12.074292750447654, 56.010315757864653 ], [ 12.074290025491297, 56.010277439475779 ], [ 12.074301872246155, 56.010248826114569 ], [ 12.074336661488937, 56.010185838805768 ], [ 12.074349505376791, 56.010161695453654 ], [ 12.074349910884518, 56.010092104420551 ], [ 12.074337738320899, 56.010062112534499 ], [ 12.074324364288191, 56.010041230301766 ], [ 12.074303059239618, 56.010031603360886 ], [ 12.074277755588067, 56.010032234625633 ], [ 12.074251196487319, 56.010061484712779 ], [ 12.074222488576982, 56.010096002473531 ], [ 12.074190356100107, 56.010101568662698 ], [ 12.074160607729151, 56.010104827922817 ], [ 12.074139186543961, 56.010103834041495 ], [ 12.074067523950673, 56.010076404948251 ], [ 12.074003892107134, 56.010012726462087 ], [ 12.073754968314876, 56.009883010191103 ], [ 12.073707943448051, 56.009822333444724 ], [ 12.073690109900982, 56.009668603523309 ], [ 12.073625620393486, 56.009543635943892 ], [ 12.073532982654921, 56.009458206252951 ], [ 12.073438147026785, 56.009407711662227 ], [ 12.073221580778425, 56.009349914670054 ], [ 12.072962610445016, 56.009281488032435 ], [ 12.072714927971402, 56.009167291120953 ], [ 12.072598111547908, 56.009086509058228 ], [ 12.072482698376037, 56.00901126556515 ], [ 12.072384189379639, 56.008930656130111 ], [ 12.072305044559691, 56.008819088492501 ], [ 12.072186498728625, 56.008720549420637 ], [ 12.072064830174337, 56.008635213165348 ], [ 12.072046184777827, 56.008624710465547 ], [ 12.072027372121223, 56.008614122035013 ], [ 12.071977339974989, 56.008582197034514 ], [ 12.071803029733546, 56.00848055287986 ], [ 12.071724950618508, 56.008398534696099 ], [ 12.071695303140141, 56.008279799601375 ], [ 12.07167797692615, 56.008128304277044 ], [ 12.071549109300468, 56.007921964819325 ], [ 12.071298333561892, 56.007815124036121 ], [ 12.070902145765917, 56.007622907873397 ], [ 12.070712573169114, 56.007533059624308 ], [ 12.070680402497548, 56.007528017940146 ], [ 12.07064446197014, 56.007501764424887 ], [ 12.070521854767623, 56.007428766110486 ], [ 12.070240850700246, 56.007321058312826 ], [ 12.069985598386237, 56.007210281089868 ], [ 12.069774343391707, 56.007114049509241 ], [ 12.069572064651959, 56.00702982006672 ], [ 12.069414683753939, 56.007001826683528 ], [ 12.069362870170153, 56.006999970877985 ], [ 12.06912645046876, 56.007049639707041 ], [ 12.068791054126313, 56.007119842451722 ], [ 12.068762994043539, 56.007091773996251 ], [ 12.068791502130509, 56.007080995496509 ], [ 12.069313500434109, 56.006958139600712 ], [ 12.069330268284215, 56.006942978719898 ], [ 12.069330542044447, 56.006932274074735 ], [ 12.069307617120918, 56.006918371564993 ], [ 12.069265753538957, 56.006916537576544 ], [ 12.06920309016313, 56.006929605274067 ], [ 12.06879414204251, 56.007021237691809 ], [ 12.068726346726541, 56.007026252258697 ], [ 12.068723645440258, 56.006990180662626 ], [ 12.069011995868685, 56.006917553902596 ], [ 12.06924975280192, 56.006860480364978 ], [ 12.069260328808761, 56.006852216045196 ], [ 12.069259769734217, 56.006835059510117 ], [ 12.069196158521349, 56.006779558871948 ], [ 12.068999155744169, 56.006636404024917 ], [ 12.06896094310922, 56.006599688600907 ], [ 12.068964085132318, 56.006584687330523 ], [ 12.068957757819186, 56.006573697601432 ], [ 12.068942477176014, 56.006567156049428 ], [ 12.068901731307422, 56.006559181062613 ], [ 12.068852487497695, 56.006545214760074 ], [ 12.068758764828592, 56.00650655550487 ], [ 12.068668056504311, 56.006475552314896 ], [ 12.068664259400277, 56.006458026928613 ], [ 12.068660462299963, 56.006440501542123 ], [ 12.068568917679045, 56.006332207102275 ], [ 12.068438667221697, 56.006146575554752 ], [ 12.068386630684431, 56.006107507267416 ], [ 12.068336231167379, 56.00607289308045 ], [ 12.068295222637968, 56.006057552832182 ], [ 12.06828279985986, 56.006040511910243 ], [ 12.068275657966149, 56.006021271846237 ], [ 12.068289194689626, 56.006005831970178 ], [ 12.068309688341035, 56.005987072443787 ], [ 12.068313435556204, 56.005963515842787 ], [ 12.068263534755257, 56.005874501116217 ], [ 12.068210648133482, 56.00585909701649 ], [ 12.068163504972109, 56.00584732558923 ], [ 12.068146356572488, 56.005835436588882 ], [ 12.068054174296297, 56.005731203069978 ], [ 12.067957188393308, 56.00563922527207 ], [ 12.067805871953592, 56.005545993019666 ], [ 12.067663292845554, 56.00542737172632 ], [ 12.067592818463007, 56.005370243220753 ], [ 12.067431645444627, 56.005203270136768 ], [ 12.067394798434851, 56.005173622179662 ], [ 12.067365469919302, 56.00516392412954 ], [ 12.067347567365605, 56.005162751618613 ], [ 12.067315448639309, 56.005166427865994 ], [ 12.067241026702462, 56.005178888321012 ], [ 12.067212309889433, 56.005180951600707 ], [ 12.067196250646603, 56.005178744310335 ], [ 12.067152554765379, 56.005121398491319 ], [ 12.067147808319939, 56.005106054240535 ], [ 12.067142503235791, 56.005089735020654 ], [ 12.067141758673285, 56.005011542597892 ], [ 12.0673389364265, 56.004979035862064 ], [ 12.067320597840284, 56.004925823459033 ], [ 12.067291282396628, 56.00484546551008 ], [ 12.067260190531453, 56.004793289740867 ], [ 12.067195279615824, 56.004739528548292 ], [ 12.067156835438505, 56.004711987929191 ], [ 12.067093098542662, 56.00467303057566 ], [ 12.067045441818793, 56.004644640460427 ], [ 12.066965142238635, 56.004568787772662 ], [ 12.066889094118187, 56.004520248002756 ], [ 12.066746743794955, 56.004446928441787 ], [ 12.066591729917963, 56.004369698692145 ], [ 12.066498237373517, 56.00429336497124 ], [ 12.066465196428068, 56.004253014114262 ], [ 12.066396646725822, 56.004145224702484 ], [ 12.066290414328661, 56.004039721447413 ], [ 12.066237232942292, 56.003949708841169 ], [ 12.066188111091687, 56.003813747404571 ], [ 12.066171999280408, 56.003750141213466 ], [ 12.066182524135245, 56.003644069799165 ], [ 12.066194119546759, 56.003604136402153 ], [ 12.066230552560578, 56.003553696198772 ], [ 12.066388788486824, 56.003398370869697 ], [ 12.066492291986487, 56.003267061639463 ], [ 12.066621119520532, 56.003125323212991 ], [ 12.066726360763894, 56.003009882398288 ], [ 12.066859542866782, 56.002846190183085 ], [ 12.066965291139971, 56.002739186901458 ], [ 12.067104393775162, 56.002627937163545 ], [ 12.067184047955681, 56.002533809284621 ], [ 12.067233779652776, 56.002473059066553 ], [ 12.067272149571123, 56.002420772346603 ], [ 12.067329787481958, 56.002354521310281 ], [ 12.06738049804154, 56.0022676763287 ], [ 12.067424120981043, 56.002164286795164 ], [ 12.067420367175954, 56.00204409713502 ], [ 12.067373455369934, 56.001960311657442 ], [ 12.067332872771377, 56.001905765149957 ], [ 12.067274012688696, 56.001833154697046 ], [ 12.067215231364607, 56.001753440340543 ], [ 12.067150117833963, 56.00164646478872 ], [ 12.067133686478945, 56.001550503485198 ], [ 12.0671900712123, 56.001476552486473 ], [ 12.067224814215464, 56.001433166020661 ], [ 12.067244292223563, 56.001407689591417 ], [ 12.067258935245, 56.001367770092131 ], [ 12.067220345964119, 56.001314072910667 ], [ 12.067192243371585, 56.001236831171703 ], [ 12.067183026039128, 56.001191392590698 ], [ 12.06714462592188, 56.001129959477922 ], [ 12.067092826327189, 56.001065443785684 ], [ 12.067062799024143, 56.000994273076451 ], [ 12.067032530180956, 56.000916006455647 ], [ 12.0670135823091, 56.000859123374433 ], [ 12.067032957303683, 56.00082627792839 ], [ 12.06706348125382, 56.000753959564392 ], [ 12.067059808258099, 56.000693459947712 ], [ 12.067047090107016, 56.000648378193297 ], [ 12.0669954726232, 56.000588173023587 ], [ 12.067015652386923, 56.00053714821145 ], [ 12.067036496343258, 56.000512716579586 ], [ 12.067031124861179, 56.000485431489359 ], [ 12.066929192781657, 56.000365258383646 ], [ 12.066825508967371, 56.000208810134559 ], [ 12.066801901300236, 56.000141704774407 ], [ 12.066720811917351, 55.999982896111383 ], [ 12.066675259180926, 55.999843340007551 ], [ 12.066655594951241, 55.999694419472668 ], [ 12.066676928229727, 55.999629611653496 ], [ 12.066686141472223, 55.999527258561749 ], [ 12.06659855307899, 55.999444305444868 ], [ 12.066472465828728, 55.999343162219596 ], [ 12.066376575089482, 55.999244503691294 ], [ 12.066253298353175, 55.999166663708259 ], [ 12.066150369219995, 55.999096587840725 ], [ 12.06609754265428, 55.999027152957879 ], [ 12.065991007402504, 55.998943951743918 ], [ 12.065851577358934, 55.998897078547287 ], [ 12.06568208018864, 55.998802768166236 ], [ 12.065583868808071, 55.998713246465456 ], [ 12.065528377899181, 55.998656733013512 ], [ 12.065472880046258, 55.998600129813475 ], [ 12.065428915543583, 55.998559511123048 ], [ 12.065371195405998, 55.998531550626794 ], [ 12.06535659255932, 55.998507192074754 ], [ 12.065318824866239, 55.998479993723848 ], [ 12.065273129532034, 55.998462072252636 ], [ 12.065240648351855, 55.998440855399963 ], [ 12.065249445721685, 55.998414206625746 ], [ 12.065204648986978, 55.998375226722686 ], [ 12.065188229056503, 55.998342103386946 ], [ 12.065172895846754, 55.998330798145417 ], [ 12.06514911461338, 55.998299925582359 ], [ 12.065093243116717, 55.998179863772336 ], [ 12.065072248123236, 55.998145685567017 ], [ 12.065053061060652, 55.998105978626057 ], [ 12.065036539296411, 55.998061440803184 ], [ 12.064997344168344, 55.998012163047363 ], [ 12.064961648468033, 55.997978710113543 ], [ 12.064860536240603, 55.997939602725452 ], [ 12.064742168007928, 55.997909464764724 ], [ 12.064625738716972, 55.99788152590591 ], [ 12.064552798846002, 55.997863922247937 ], [ 12.064446973531888, 55.997854418182797 ], [ 12.064369642425042, 55.997846183092918 ], [ 12.06430129027413, 55.997845995225141 ], [ 12.064206079078112, 55.997857083224652 ], [ 12.064150960790455, 55.997866005399054 ], [ 12.06399841154056, 55.997882294888541 ], [ 12.063839130805873, 55.99789866168085 ], [ 12.063756308289548, 55.997904137300914 ], [ 12.063532584685575, 55.997896755000383 ], [ 12.063397772501123, 55.997873677053676 ], [ 12.063325709113611, 55.997850926720602 ], [ 12.063159908317251, 55.997807223346001 ], [ 12.062988556970952, 55.997792694663332 ], [ 12.062678233784277, 55.997787643452128 ], [ 12.062515742427655, 55.99778979462269 ], [ 12.062379922761018, 55.997776269759605 ], [ 12.062340588470615, 55.997751536703156 ], [ 12.062303529949739, 55.997712992742798 ], [ 12.062230918223666, 55.997677220261799 ], [ 12.062170887666781, 55.997678802137628 ], [ 12.062127605568035, 55.997689317082241 ], [ 12.062104591346365, 55.997724859207857 ], [ 12.062096052140273, 55.997748714491571 ], [ 12.061963318697156, 55.997808648678493 ], [ 12.061830877792438, 55.9978418758717 ], [ 12.061637994755811, 55.997867435310226 ], [ 12.061525383732848, 55.997885695908579 ], [ 12.061444212445055, 55.997905962034274 ], [ 12.06130533989192, 55.997949147292701 ], [ 12.061142583477674, 55.997974316995382 ], [ 12.061008889744787, 55.997985639415191 ], [ 12.060965084192111, 55.99797737836262 ], [ 12.060902929187346, 55.997978473006611 ], [ 12.060802522365213, 55.99798878845553 ], [ 12.060747621600802, 55.997990332092186 ], [ 12.06069788583453, 55.997996332172683 ], [ 12.060683421325981, 55.998006130728896 ], [ 12.060675658962495, 55.998019538490524 ], [ 12.060659647067572, 55.998028027019735 ], [ 12.060565271687919, 55.998049699327467 ], [ 12.060500792216134, 55.998055885767741 ], [ 12.060441810723221, 55.998056541757883 ], [ 12.060384026636537, 55.998047998431566 ], [ 12.060355967922378, 55.99804006521056 ], [ 12.060335801667735, 55.998026452199731 ], [ 12.060322907873914, 55.998011489883126 ], [ 12.060310202576508, 55.997996882473409 ], [ 12.060279331701171, 55.997979759641112 ], [ 12.060242667913338, 55.997966466481508 ], [ 12.060197942291301, 55.997952654365413 ], [ 12.06013898362974, 55.997931284756902 ], [ 12.060072349965536, 55.997898059474196 ], [ 12.059990003575486, 55.997840592477672 ], [ 12.05998962935586, 55.997827746429039 ], [ 12.059990696048475, 55.997814864594424 ], [ 12.059972191821036, 55.997799951684513 ], [ 12.059943438370786, 55.997797429476904 ], [ 12.059913150853344, 55.997797822081175 ], [ 12.059893306317624, 55.99779435942871 ], [ 12.059871468392343, 55.997779888886072 ], [ 12.059857126856764, 55.997764872580483 ], [ 12.059851569606394, 55.997749368427677 ], [ 12.059842945144009, 55.997735648499678 ], [ 12.059821036322544, 55.997720280734399 ], [ 12.059797034161148, 55.997710898186376 ], [ 12.059731723849659, 55.997696428439575 ], [ 12.059679906746503, 55.997688275995159 ], [ 12.059627295301206, 55.997684278539481 ], [ 12.059550835937348, 55.997680963155076 ], [ 12.059369213691303, 55.997686641749155 ], [ 12.059346481438649, 55.997693319231701 ], [ 12.059321495646079, 55.997705985899621 ], [ 12.059300097967794, 55.997725485575216 ], [ 12.05927934166245, 55.997740923934991 ], [ 12.059260097187002, 55.997757223727504 ], [ 12.059232607447738, 55.997766626341914 ], [ 12.059155853109122, 55.997775813783583 ], [ 12.05901391724111, 55.997768100622224 ], [ 12.058968138405014, 55.997771394736162 ], [ 12.058954195407019, 55.997771561107768 ], [ 12.058934481669409, 55.997771780850947 ], [ 12.058816519439311, 55.99777309129437 ], [ 12.05862940442551, 55.997788434284054 ], [ 12.058584383482618, 55.997791170055372 ], [ 12.058520414895872, 55.997789611596687 ], [ 12.058480050205022, 55.997782253126942 ], [ 12.058453397514123, 55.997773835090449 ], [ 12.058408916852368, 55.997765140409818 ], [ 12.058362016418812, 55.997758303726968 ], [ 12.058292305517396, 55.997757157380839 ], [ 12.058247961541602, 55.997756280327863 ], [ 12.058190510530769, 55.997755998281804 ], [ 12.05812514253391, 55.997759059123069 ], [ 12.057942540423792, 55.997742195668422 ], [ 12.057860061453299, 55.997725633916986 ], [ 12.057780933468599, 55.997710876793597 ], [ 12.057738783639575, 55.997701225053561 ], [ 12.057692838566417, 55.997676025333092 ], [ 12.057599833186826, 55.997619630391142 ], [ 12.057530165028835, 55.997594659738546 ], [ 12.057443992411029, 55.997569918812111 ], [ 12.057225387422067, 55.997503425367476 ], [ 12.057177336713949, 55.997490144168296 ], [ 12.057119904628223, 55.997463701010894 ], [ 12.057096092440998, 55.997440469031545 ], [ 12.057046198399734, 55.997393701784972 ], [ 12.056980932133248, 55.997379768891101 ], [ 12.056931411172512, 55.997370209871605 ], [ 12.056895215650703, 55.997366882731754 ], [ 12.056806201754865, 55.997375204212311 ], [ 12.056715230317229, 55.997397328495538 ], [ 12.056621245591211, 55.997430045460561 ], [ 12.056490553981906, 55.997511857958685 ], [ 12.056441589625086, 55.997541839786564 ], [ 12.05639924958235, 55.997550081894119 ], [ 12.056327363039102, 55.997555910510158 ], [ 12.056256876167211, 55.997557119597879 ], [ 12.05611508484672, 55.997557310496838 ], [ 12.056010639319737, 55.997546955917798 ], [ 12.055830477313126, 55.99752643293823 ], [ 12.055657426423728, 55.997498451651701 ], [ 12.05551509676188, 55.997481664611882 ], [ 12.055318381241415, 55.99748105913239 ], [ 12.055164727108609, 55.997495567097964 ], [ 12.054787175925265, 55.997597972210954 ], [ 12.054679579221997, 55.99761475373252 ], [ 12.054527467334257, 55.997622390458766 ], [ 12.054451661687676, 55.997613122484701 ], [ 12.054344197007859, 55.997609224052731 ], [ 12.054126810215115, 55.99762719845635 ], [ 12.054058368711516, 55.997638064492143 ], [ 12.053937997952769, 55.997639340068176 ], [ 12.053872281904225, 55.997621730894906 ], [ 12.053834587615304, 55.997611607808437 ], [ 12.053731616813565, 55.997579279807319 ], [ 12.053709224267871, 55.997569946096633 ], [ 12.053635595014532, 55.997563859985846 ], [ 12.05356155585207, 55.997568841358394 ], [ 12.053302131892181, 55.997582642078768 ], [ 12.053202992123142, 55.997588694744529 ], [ 12.053079433589799, 55.997590228271989 ], [ 12.052986755612258, 55.997576523034965 ], [ 12.052833981601761, 55.99754120317359 ], [ 12.052621020966319, 55.997489215064036 ], [ 12.052506892250811, 55.997461837160145 ], [ 12.052444873350618, 55.997428044029924 ], [ 12.05235457603299, 55.997397738248708 ], [ 12.052110877616862, 55.997362782163478 ], [ 12.052059515274989, 55.997344097294722 ], [ 12.051938865709939, 55.997317419788224 ], [ 12.051743837743686, 55.997291415783899 ], [ 12.05165587023663, 55.997264198198465 ], [ 12.051471851260763, 55.997180476761336 ], [ 12.05129057463822, 55.997068459412404 ], [ 12.051225666985346, 55.997022421308593 ], [ 12.051090814758016, 55.996976317323607 ], [ 12.051012111836245, 55.996958758563686 ], [ 12.050855519698567, 55.996933958927642 ], [ 12.050716697329682, 55.9968964930856 ], [ 12.050662785546708, 55.99686986992365 ], [ 12.050578880552186, 55.996816840398445 ], [ 12.050389702253876, 55.996661507166927 ], [ 12.050334481951143, 55.996612172270012 ], [ 12.05019455733914, 55.996554596174704 ], [ 12.050138995301126, 55.996521271357594 ], [ 12.050113814058403, 55.996462292894357 ], [ 12.050063775273395, 55.996425774808081 ], [ 12.049920482631867, 55.996368191894234 ], [ 12.04982103231403, 55.99627257582938 ], [ 12.049805487772847, 55.996209672982566 ], [ 12.049764580636516, 55.996103797797517 ], [ 12.049738240433559, 55.996080986627163 ], [ 12.049657071130508, 55.996019887942303 ], [ 12.049532426895647, 55.995960764244785 ], [ 12.049313645531887, 55.995822523455686 ], [ 12.049223115787123, 55.995750508914426 ], [ 12.049016683799056, 55.995559282244329 ], [ 12.048996717379882, 55.995533885967554 ], [ 12.048819377184824, 55.995337264398451 ], [ 12.048778102608027, 55.995281650537521 ], [ 12.048526492765012, 55.995066639518242 ], [ 12.048435283844334, 55.995000214864376 ], [ 12.048366011155091, 55.994953654056687 ], [ 12.048257186619971, 55.994905914247973 ], [ 12.048051899309293, 55.994832962405681 ], [ 12.047957609434865, 55.994808865298985 ], [ 12.04780453039354, 55.994767433933909 ], [ 12.047261084173106, 55.99468999028646 ], [ 12.047121068231741, 55.994669810305311 ], [ 12.04696470910468, 55.99464985455397 ], [ 12.046794064196993, 55.99460939575431 ], [ 12.046554722145167, 55.994554094382281 ], [ 12.046348356876798, 55.994502022548858 ], [ 12.046251698100471, 55.994474296951573 ], [ 12.046052087991601, 55.994424484831768 ], [ 12.045744232247422, 55.994372943424047 ], [ 12.045644113152626, 55.994362383348523 ], [ 12.04552015250599, 55.994356637700974 ], [ 12.045426524252047, 55.994342950397801 ], [ 12.045369066679241, 55.994332324435902 ], [ 12.045310020724296, 55.994295397864775 ], [ 12.045259231539074, 55.994247209843294 ], [ 12.045225536836366, 55.994192036795503 ], [ 12.045212332635369, 55.994166922288443 ], [ 12.045172950826167, 55.994092472026011 ], [ 12.045158770135632, 55.994052908220063 ], [ 12.045135919362368, 55.993996927745322 ], [ 12.045104355025668, 55.993960670296246 ], [ 12.044989453707851, 55.993919190879254 ], [ 12.044926406343345, 55.993888476031302 ], [ 12.044804030692488, 55.993790725812815 ], [ 12.044737652673257, 55.993699322768535 ], [ 12.044746933458025, 55.993631760509018 ], [ 12.044775739413325, 55.993577919452896 ], [ 12.044782975803262, 55.993531263832388 ], [ 12.044776837332066, 55.993500131355141 ], [ 12.044707911442904, 55.993382451424971 ], [ 12.044552885525487, 55.9932325584887 ], [ 12.044487721895337, 55.993181039611152 ], [ 12.044370483571823, 55.993138358844057 ], [ 12.044176670350138, 55.993111144512945 ], [ 12.044021064396031, 55.99306599534048 ], [ 12.043897148107355, 55.992987340516095 ], [ 12.043584450695379, 55.992892403345131 ], [ 12.043266762600236, 55.992756415836858 ], [ 12.043174851379359, 55.992703309570338 ], [ 12.043150327174722, 55.992687194485441 ], [ 12.043144599355385, 55.992661265827437 ], [ 12.043167376986128, 55.992618451604528 ], [ 12.043165389166532, 55.992601330372572 ], [ 12.043149111188267, 55.992590135731369 ], [ 12.043140876962106, 55.992583327152531 ], [ 12.043134827450622, 55.992575745433633 ], [ 12.043133967277836, 55.992558686245012 ], [ 12.043140089401312, 55.992542713149042 ], [ 12.043164229591833, 55.992504989400047 ], [ 12.043154935486326, 55.992476541817979 ], [ 12.043146818405402, 55.992448784338414 ], [ 12.043146155767378, 55.992434237387172 ], [ 12.043137474943979, 55.992419708695117 ], [ 12.043091894483469, 55.992388741306684 ], [ 12.043073654960907, 55.992385236354416 ], [ 12.043067896910026, 55.992383400843359 ], [ 12.043053798875293, 55.992373410904797 ], [ 12.043064125976239, 55.992351760334344 ], [ 12.043078099132023, 55.992335683218037 ], [ 12.043091038540917, 55.992322778029639 ], [ 12.043096122035518, 55.992311954720094 ], [ 12.0430946725997, 55.992303719994723 ], [ 12.043056156506193, 55.992278960792632 ], [ 12.043037613693707, 55.992271597754758 ], [ 12.043037383601879, 55.992264591469791 ], [ 12.043038083603916, 55.992255134992007 ], [ 12.043037841576492, 55.992250016839428 ], [ 12.043028425560699, 55.992244496002286 ], [ 12.04301822759713, 55.992243309535553 ], [ 12.043000861810039, 55.99223663659663 ], [ 12.042974331813321, 55.99222560525611 ], [ 12.042931420435437, 55.992204100972764 ], [ 12.042906140243415, 55.992170204905058 ], [ 12.042892841124351, 55.992152014588029 ], [ 12.042902028701901, 55.992132190116152 ], [ 12.042938185224745, 55.992084101154298 ], [ 12.042939362256417, 55.992058271636132 ], [ 12.042897525548378, 55.992025953156926 ], [ 12.042883499912186, 55.991998521389647 ], [ 12.042853142872007, 55.991981651344105 ], [ 12.042821965438371, 55.991952305867166 ], [ 12.0427470457641, 55.991905162338803 ], [ 12.042701951164842, 55.991898724703738 ], [ 12.042685903644692, 55.991894536282111 ], [ 12.042667311712403, 55.99188654512551 ], [ 12.042666834817323, 55.991876398540029 ], [ 12.042666536643154, 55.991844042976616 ], [ 12.042654210183239, 55.991823940777067 ], [ 12.042583104036275, 55.991782456381657 ], [ 12.042559856395876, 55.991768287396646 ], [ 12.042542026002501, 55.991749579670099 ], [ 12.042521285089203, 55.991716290604721 ], [ 12.042457417201533, 55.991660783246012 ], [ 12.042432057676036, 55.991650352169344 ], [ 12.04240650068275, 55.991637408847645 ], [ 12.042388583653524, 55.991615556844344 ], [ 12.042359980340022, 55.99153733361215 ], [ 12.042368641878822, 55.991506734528826 ], [ 12.042396458871806, 55.991450491241821 ], [ 12.042395611035223, 55.991431543908504 ], [ 12.042377538950424, 55.991407717999145 ], [ 12.042326084978404, 55.99132853079778 ], [ 12.042322704811278, 55.991303892589194 ], [ 12.042313888431421, 55.991285591517517 ], [ 12.04228015927543, 55.991264579452036 ], [ 12.042241682142583, 55.991242336167296 ], [ 12.042226093226832, 55.99122357304897 ], [ 12.042233157507901, 55.991182855053822 ], [ 12.042235243968076, 55.991154306178153 ], [ 12.042225504597321, 55.991138545009186 ], [ 12.042154097025094, 55.991113608879274 ], [ 12.042080051488357, 55.991102042604169 ], [ 12.042044447556203, 55.99109186441121 ], [ 12.042019831068307, 55.991072515104477 ], [ 12.041956745658322, 55.990984085880243 ], [ 12.041956022159972, 55.990970798987298 ], [ 12.041965649280199, 55.990958604978012 ], [ 12.041980000384921, 55.990951418454813 ], [ 12.041981814110654, 55.990941844588136 ], [ 12.041972069961041, 55.990928061253022 ], [ 12.04194993654127, 55.990913774752514 ], [ 12.04191821415321, 55.990887678811717 ], [ 12.041899888770697, 55.990860622800028 ], [ 12.041883248124558, 55.990820310328338 ], [ 12.041887068112233, 55.990805652694419 ], [ 12.041889718211928, 55.990790394666881 ], [ 12.0418812921003, 55.990779095897928 ], [ 12.041897259453657, 55.990759823277934 ], [ 12.041898021074321, 55.990749106728821 ], [ 12.041883738500482, 55.990734716269472 ], [ 12.041853117782962, 55.990710391052858 ], [ 12.0418379757099, 55.990678941378803 ], [ 12.041834354073714, 55.990649184992471 ], [ 12.041747442889079, 55.990441241540104 ], [ 12.041725669593344, 55.990411124238797 ], [ 12.041721819433052, 55.990402948773436 ], [ 12.041712186234392, 55.990388533401571 ], [ 12.041707958181522, 55.990371467462253 ], [ 12.041716960554851, 55.990347242696444 ], [ 12.041757814609978, 55.990326276881518 ], [ 12.041764867115939, 55.990307853662273 ], [ 12.041753432314405, 55.990280717400019 ], [ 12.041738116174859, 55.990269498840036 ], [ 12.041715055189718, 55.990259730054241 ], [ 12.041707651046229, 55.99024714748478 ], [ 12.04168914070914, 55.990215691058843 ], [ 12.041647167390387, 55.990189758248832 ], [ 12.041639521463212, 55.990172057515714 ], [ 12.041647960543221, 55.990134541904546 ], [ 12.041672056379513, 55.990094212518684 ], [ 12.04166787278167, 55.990079752493727 ], [ 12.041661687904831, 55.990068398377112 ], [ 12.041644668819387, 55.990066121654991 ], [ 12.041631389122896, 55.990072652412302 ], [ 12.041613150823729, 55.990069147228958 ], [ 12.041610433236233, 55.99005905596146 ], [ 12.041616785439819, 55.990050089225818 ], [ 12.041632256783483, 55.990042875081208 ], [ 12.041652036727001, 55.990029261768086 ], [ 12.041648978603144, 55.990012796221293 ], [ 12.041571019122488, 55.989920778583382 ], [ 12.041527906645776, 55.989896671801525 ], [ 12.041487338383558, 55.989876367764992 ], [ 12.041469941558251, 55.989865200542141 ], [ 12.041450044972281, 55.98985283647216 ], [ 12.041447233708023, 55.989839511222094 ], [ 12.041462692985268, 55.989834185232908 ], [ 12.041465498305122, 55.989820901116154 ], [ 12.041453575320165, 55.989785506357023 ], [ 12.041416265557315, 55.989690327546718 ], [ 12.041412568028862, 55.989543257432004 ], [ 12.041424497329547, 55.989529748067433 ], [ 12.041462070954113, 55.989513987454416 ], [ 12.041461371704107, 55.989496924285937 ], [ 12.041432480840719, 55.989412954555533 ], [ 12.041412720535281, 55.989404362792001 ], [ 12.041382088814354, 55.98940233220177 ], [ 12.041373204560189, 55.989405608027532 ], [ 12.041369100421321, 55.989414609150671 ], [ 12.04136192386882, 55.989427371899836 ], [ 12.041353318708294, 55.989438282079483 ], [ 12.041338770639715, 55.989442956283156 ], [ 12.041313889369281, 55.989442671551821 ], [ 12.0412984990481, 55.989426420541307 ], [ 12.041304653832519, 55.989414941578183 ], [ 12.041309791799177, 55.989402768540501 ], [ 12.041325077575801, 55.989391154059049 ], [ 12.04135756124996, 55.98938001398119 ], [ 12.041435641059575, 55.989385817537666 ], [ 12.041440485763786, 55.989365830694112 ], [ 12.041400471361284, 55.989362773187651 ], [ 12.041345474543249, 55.989250680883195 ], [ 12.041332840655356, 55.989200111069756 ], [ 12.041332445000036, 55.989166499356642 ], [ 12.041328769612969, 55.989138092739317 ], [ 12.041313919311113, 55.989098095590393 ], [ 12.041286210942921, 55.989047538324627 ], [ 12.041266713006408, 55.988911645901041 ], [ 12.041249066724657, 55.988817689666355 ], [ 12.041231868732673, 55.988768221381889 ], [ 12.041200303338274, 55.988729805514026 ], [ 12.041201584335555, 55.988709367270523 ], [ 12.041175132396832, 55.988682961261908 ], [ 12.041146746812869, 55.988664603814826 ], [ 12.041127798619922, 55.988625516878152 ], [ 12.041074773306935, 55.988534411699533 ], [ 12.041052394899767, 55.988516984708831 ], [ 12.041036168624691, 55.988506417816922 ], [ 12.04102881439832, 55.988494463258363 ], [ 12.041018409514981, 55.98846613285189 ], [ 12.041030674610486, 55.988440569033465 ], [ 12.041019990720903, 55.988404604268844 ], [ 12.04092026190188, 55.988188526385031 ], [ 12.040876435294052, 55.988122634922298 ], [ 12.040865919906233, 55.988094936511231 ], [ 12.040876338810987, 55.988074452509558 ], [ 12.040874265678145, 55.988054186958919 ], [ 12.040864263450484, 55.988010564111264 ], [ 12.040810472302049, 55.987903565965695 ], [ 12.040703803806947, 55.987754272899274 ], [ 12.040677706965591, 55.987705833264002 ], [ 12.040669047291866, 55.987689505954464 ], [ 12.040677311940675, 55.987672221535156 ], [ 12.040682482162326, 55.987664542574741 ], [ 12.040687484164639, 55.987648597241787 ], [ 12.040677351673709, 55.987627811435097 ], [ 12.040636968728929, 55.987538371782044 ], [ 12.040617315282354, 55.987531125721731 ], [ 12.040603510669206, 55.987526881695096 ], [ 12.040595369612616, 55.987521239323897 ], [ 12.040592603158967, 55.987510519963969 ], [ 12.040593198000131, 55.987499717642187 ], [ 12.040590530215242, 55.987490254404918 ], [ 12.040576540350381, 55.98748160999471 ], [ 12.040525860104351, 55.987465241030669 ], [ 12.040491162869207, 55.987446140253503 ], [ 12.04047873330334, 55.987424691949521 ], [ 12.04047656176296, 55.98740317026467 ], [ 12.040494919165891, 55.98735920704371 ], [ 12.040485332398228, 55.987326990835037 ], [ 12.040430686779819, 55.987247881700526 ], [ 12.040414653511691, 55.987241804821039 ], [ 12.040405182729721, 55.987235565977059 ], [ 12.040384364753459, 55.987225741609684 ], [ 12.040381265149515, 55.987208737677932 ], [ 12.040392952501026, 55.987190110247127 ], [ 12.0403772675167, 55.987170090732732 ], [ 12.040205112282393, 55.98695265339277 ], [ 12.040191513301457, 55.986930604643298 ], [ 12.040196231550183, 55.986909002822266 ], [ 12.040191868703936, 55.986888164490665 ], [ 12.040146421037674, 55.986862856344281 ], [ 12.040125628567644, 55.986828849015424 ], [ 12.040121880941257, 55.986775003302427 ], [ 12.040116212532128, 55.986749792234406 ], [ 12.040102100328538, 55.986715080665171 ], [ 12.040055219731602, 55.986632723258623 ], [ 12.040047106241117, 55.986604965513365 ], [ 12.040034901799054, 55.986563914069187 ], [ 12.039964265946351, 55.986434317644431 ], [ 12.039942737945905, 55.986409318138044 ], [ 12.039931621667021, 55.986392332226913 ], [ 12.039931337839743, 55.986386675720233 ], [ 12.039929741381414, 55.986376556755062 ], [ 12.039923266770201, 55.98635945630307 ], [ 12.039918395663934, 55.986352564539182 ], [ 12.03992024919495, 55.986318987222248 ], [ 12.039919297085909, 55.986298693996432 ], [ 12.039850173251562, 55.98624960790756 ], [ 12.039840295239811, 55.98623205205169 ], [ 12.0397815689451, 55.986045796240951 ], [ 12.039758904111077, 55.985996103084929 ], [ 12.039751698731433, 55.985986032622243 ], [ 12.039728961827368, 55.985984436129911 ], [ 12.039688045090887, 55.985980051924656 ], [ 12.03968079041702, 55.985969353395483 ], [ 12.039680253008504, 55.985960466853868 ], [ 12.039690028708234, 55.98594404418359 ], [ 12.039699604942033, 55.985937335309139 ], [ 12.039708898479324, 55.985918856903588 ], [ 12.039541328648923, 55.98561059952258 ], [ 12.039513191290537, 55.985564727129834 ], [ 12.039457482303234, 55.985482227758453 ], [ 12.039449252863133, 55.98544889922664 ], [ 12.039426441907944, 55.985442270278504 ], [ 12.039385096892348, 55.985440593456815 ], [ 12.039383018499995, 55.98542841874567 ], [ 12.039407274177217, 55.98542485369714 ], [ 12.039428200020819, 55.985417685023521 ], [ 12.039423928355959, 55.985353064586135 ], [ 12.039222696746764, 55.984810017341218 ], [ 12.039177219417697, 55.984735266261346 ], [ 12.039058101364921, 55.984562006871897 ], [ 12.038919488536244, 55.984391655514379 ], [ 12.038816546844167, 55.984265102875341 ], [ 12.038807598093237, 55.984243029173399 ], [ 12.038801309288084, 55.984207854792977 ], [ 12.038803521325868, 55.984117543657135 ], [ 12.038811438047036, 55.984018191994487 ], [ 12.038747504190713, 55.983834940918584 ], [ 12.038697214683836, 55.983709067106346 ], [ 12.038615713395435, 55.983655431274691 ], [ 12.038548526869715, 55.983579867026108 ], [ 12.038532870664538, 55.983535664303382 ], [ 12.038520242571755, 55.983485094098818 ], [ 12.038518473633625, 55.983303186243191 ], [ 12.03840266472346, 55.982892067150843 ], [ 12.038283126172088, 55.982425213925922 ], [ 12.038266532499616, 55.982056416283086 ], [ 12.038282737011047, 55.981850152502773 ], [ 12.038267606687375, 55.981816724418792 ], [ 12.03822248342191, 55.981772978760041 ], [ 12.038206387807813, 55.981741552211219 ], [ 12.038253911077673, 55.981435809076366 ], [ 12.038261104601837, 55.981419180500964 ], [ 12.0382975266188, 55.98139904420168 ], [ 12.038330519321658, 55.981380161136926 ], [ 12.038330737800411, 55.981360468305979 ], [ 12.038311405008118, 55.981334785127054 ], [ 12.038292170810971, 55.98131035807144 ], [ 12.038264772892326, 55.981284064738595 ], [ 12.038249846998102, 55.981253238624028 ], [ 12.038253930209859, 55.981221494170796 ], [ 12.038329335423123, 55.981144390514814 ], [ 12.038366571977386, 55.981132594520631 ], [ 12.038441441262774, 55.9810180169586 ], [ 12.038431381662026, 55.980989947535157 ], [ 12.038462387823701, 55.980937581846376 ], [ 12.03849081394443, 55.980811474347206 ], [ 12.038534779538065, 55.980740360081242 ], [ 12.038557900866463, 55.980679468848422 ], [ 12.038584920394102, 55.98065803613585 ], [ 12.038581572637087, 55.980619463001887 ], [ 12.038609307380806, 55.980521330488173 ], [ 12.038616292094764, 55.980444835625221 ], [ 12.038727301696065, 55.980347435640603 ], [ 12.038770518037493, 55.980264743041083 ], [ 12.038742641120352, 55.980066848219082 ], [ 12.038723763245756, 55.98000609404486 ], [ 12.03877409997337, 55.979948756538121 ], [ 12.038898952133501, 55.979796896868166 ], [ 12.038906003009819, 55.979784586820699 ], [ 12.038993727471631, 55.979656117251174 ], [ 12.039045263928188, 55.979469028595489 ], [ 12.039131235826664, 55.979402001825946 ], [ 12.039188999749419, 55.979349425216682 ], [ 12.039273921704607, 55.979209787430165 ], [ 12.039386966385827, 55.979040329013998 ], [ 12.039502512217481, 55.978868021951008 ], [ 12.039606588446013, 55.978700762337596 ], [ 12.039696018900141, 55.978585914443109 ], [ 12.039803519750651, 55.978458214734538 ], [ 12.039870139807697, 55.978363257485739 ], [ 12.039964225694847, 55.978236248271209 ], [ 12.040024880400015, 55.978175599039979 ], [ 12.040131431632213, 55.978082802515495 ], [ 12.040243697961309, 55.977979077180052 ], [ 12.040326105962375, 55.977887146063537 ], [ 12.040394077450523, 55.97778900873886 ], [ 12.040367262645564, 55.977717033758552 ], [ 12.040386678797452, 55.977664144497531 ], [ 12.040410721530336, 55.977582373960097 ], [ 12.040477391035298, 55.977469705382489 ], [ 12.040466971006987, 55.977328824136634 ], [ 12.040491690594362, 55.977292434906452 ], [ 12.040446016864855, 55.97722326278361 ], [ 12.040633519761617, 55.976971057686519 ], [ 12.040838731693739, 55.97669531151606 ], [ 12.040906821064802, 55.976649760757653 ], [ 12.041001674365999, 55.976610201584506 ], [ 12.041103609539856, 55.976577119875692 ], [ 12.041150399181799, 55.976535960429601 ], [ 12.041206001435553, 55.976478401893331 ], [ 12.041265025225011, 55.976419500288785 ], [ 12.041313141011253, 55.9763829826829 ], [ 12.041355728138642, 55.976320980882534 ], [ 12.041429725070412, 55.97629146543467 ], [ 12.041513029958477, 55.976219198748652 ], [ 12.041522766133772, 55.976194146720026 ], [ 12.041533888305972, 55.976135708622721 ], [ 12.041580290245808, 55.976083501221488 ], [ 12.041630401685643, 55.97607444273018 ], [ 12.041665642196985, 55.976041389315903 ], [ 12.041696038715289, 55.975999735486411 ], [ 12.041694667881066, 55.975957787365722 ], [ 12.041478778980103, 55.975911697275812 ], [ 12.04141504690595, 55.975845308735117 ], [ 12.041442454978961, 55.975820719322058 ], [ 12.04149416767171, 55.975785101682526 ], [ 12.041597691282163, 55.975749822771455 ], [ 12.041628827213923, 55.975703296249534 ], [ 12.041701040705922, 55.975644967669254 ], [ 12.041824242938871, 55.97543363343371 ], [ 12.041910120255011, 55.975320669387308 ], [ 12.042384147177748, 55.975258888940466 ], [ 12.042533984225964, 55.97522543184909 ], [ 12.042619377670572, 55.97518592523214 ], [ 12.042670372921478, 55.975130996894841 ], [ 12.042703024715262, 55.975085421496949 ], [ 12.042745444172755, 55.975060101356952 ], [ 12.042899491690903, 55.975008830042789 ], [ 12.043168794609974, 55.974934933598718 ], [ 12.043207942303289, 55.974914908166085 ], [ 12.043487754882365, 55.974766676027187 ], [ 12.043557200802383, 55.974740507986461 ], [ 12.043638718859613, 55.974729234226309 ], [ 12.043714654502381, 55.974728526439968 ], [ 12.043835077334847, 55.974724741492494 ], [ 12.04388052675519, 55.974723708219265 ], [ 12.043923592831121, 55.974718868247635 ], [ 12.044033199465154, 55.974703933456652 ], [ 12.044132975911106, 55.974676116520094 ], [ 12.04422692580285, 55.974651679808403 ], [ 12.044529095500408, 55.974545234257469 ], [ 12.044667783061669, 55.974486249581147 ], [ 12.04496348265665, 55.974362792483916 ], [ 12.045114891406911, 55.974263758196038 ], [ 12.045389085592253, 55.974040146738147 ], [ 12.045437825773547, 55.973989228411689 ], [ 12.045476680045992, 55.973957343038307 ], [ 12.045575368516177, 55.973936114294268 ], [ 12.045975870154626, 55.973834605160881 ], [ 12.046231006591976, 55.973715294417048 ], [ 12.046314383301912, 55.973682847003424 ], [ 12.046450445191494, 55.973682268542348 ], [ 12.046569811131626, 55.973614140520446 ], [ 12.046607432140595, 55.97350137767237 ], [ 12.046732407195247, 55.97338636411844 ], [ 12.046958968617528, 55.973262544582248 ], [ 12.047000738847576, 55.973135295368017 ], [ 12.047054558174056, 55.973087846594794 ], [ 12.047156812955791, 55.973054931552113 ], [ 12.047400747602101, 55.972929872262249 ], [ 12.047517909612466, 55.972866382556631 ], [ 12.047576304611411, 55.972836350312434 ], [ 12.047695624072469, 55.972798248004715 ], [ 12.047820011250451, 55.972745097209447 ], [ 12.047903683718751, 55.972730710725308 ], [ 12.047968734371123, 55.972687478464259 ], [ 12.048121026767518, 55.972642626528106 ], [ 12.048425240852913, 55.972546188945302 ], [ 12.048725313883926, 55.972431783711855 ], [ 12.048865195150396, 55.972335187433259 ], [ 12.048977926071879, 55.97229895498652 ], [ 12.049106176245008, 55.972303061773594 ], [ 12.049321481361883, 55.972301147577184 ], [ 12.04945866803649, 55.972268084901145 ], [ 12.049669732082913, 55.972216382014132 ], [ 12.049958404215484, 55.97220563805471 ], [ 12.050250051173068, 55.97211867658978 ], [ 12.050538087162785, 55.972055087297264 ], [ 12.050794126349327, 55.971978086077144 ], [ 12.051124987957904, 55.971849697263323 ], [ 12.051483424084976, 55.971688800637544 ], [ 12.051688082585992, 55.971598596975682 ], [ 12.051973210305164, 55.971490037634766 ], [ 12.052305177082626, 55.971400184189704 ], [ 12.05274406532682, 55.971279811474993 ], [ 12.053012954650548, 55.971243929774296 ], [ 12.053168028181878, 55.971244670453977 ], [ 12.053251422357913, 55.971245120258438 ], [ 12.053455624641151, 55.971269184694002 ], [ 12.053649089499883, 55.971311584425472 ], [ 12.053828367346386, 55.971314331197654 ], [ 12.05423305514597, 55.971254313296967 ], [ 12.054499587818276, 55.971194663901159 ], [ 12.054842787360323, 55.971161969496393 ], [ 12.055137183302485, 55.9710694442457 ], [ 12.055143441426898, 55.971067491056566 ], [ 12.055157484517519, 55.971097168516813 ], [ 12.05517899871413, 55.971142302836199 ], [ 12.05532971575898, 55.971116269460317 ], [ 12.055352810736823, 55.971069668948253 ], [ 12.055417566529563, 55.971053319300374 ], [ 12.055504039942353, 55.971042004490357 ], [ 12.055509856592931, 55.971022262501435 ], [ 12.055640706646424, 55.971032950357795 ], [ 12.055751030203266, 55.970998838936261 ], [ 12.055914454797218, 55.970997750789664 ], [ 12.056194497362975, 55.971028109607417 ], [ 12.056468374332184, 55.971061587424963 ], [ 12.056581610276909, 55.971086735441013 ], [ 12.056779845663762, 55.971191580679459 ], [ 12.057044952786557, 55.971215476045053 ], [ 12.057269017292141, 55.971239310873223 ], [ 12.057354464894788, 55.971255618818269 ], [ 12.057448322691723, 55.971311452711547 ], [ 12.057705605066728, 55.971429124427125 ], [ 12.05785983889213, 55.971445612152046 ], [ 12.057986860641835, 55.971448391692078 ], [ 12.058256027951062, 55.971444495173941 ], [ 12.058495182887276, 55.971716250618663 ], [ 12.059118885386997, 55.971944923123907 ], [ 12.059415404120941, 55.972061976428812 ], [ 12.059564969300398, 55.972132966172211 ], [ 12.059715117361018, 55.972193063631295 ], [ 12.059821384627224, 55.972225303982569 ], [ 12.059875380105638, 55.972228996821443 ], [ 12.05990474941796, 55.972237526645401 ], [ 12.059949632246004, 55.972255739591063 ], [ 12.060180929220968, 55.972409561512315 ], [ 12.060413180765421, 55.972549065554801 ], [ 12.060697905389395, 55.972705424575175 ], [ 12.060770834927066, 55.972753954999817 ], [ 12.060799641911263, 55.972767532868275 ], [ 12.060818861703023, 55.972803823431306 ], [ 12.060853689770301, 55.972810419424491 ], [ 12.060918779641089, 55.972812487638421 ], [ 12.060990841609589, 55.972815551214985 ], [ 12.061050614806319, 55.972807143552231 ], [ 12.061141123952801, 55.972804264804722 ], [ 12.061203836471048, 55.97281682009924 ], [ 12.061242035239884, 55.972839693607234 ], [ 12.061260407120765, 55.972853081241702 ], [ 12.061294711887216, 55.972863196132558 ], [ 12.061355531556844, 55.972865999537525 ], [ 12.0614256058709, 55.972870280936981 ], [ 12.061449415503066, 55.972877420331862 ], [ 12.061477394453767, 55.972890659036523 ], [ 12.06154364734623, 55.9729256905105 ], [ 12.061606179518904, 55.972952184248143 ], [ 12.061633780167742, 55.972972803942994 ], [ 12.06169291104715, 55.973045499765981 ], [ 12.061726331642555, 55.973068761600125 ], [ 12.061771084652849, 55.973087336722685 ], [ 12.061929723040855, 55.973112789643992 ], [ 12.062040097861901, 55.973144206838093 ], [ 12.062130858364949, 55.973168829858743 ], [ 12.062168756892198, 55.97316761793671 ], [ 12.062216154443034, 55.973154752810203 ], [ 12.062271542427702, 55.973135486049635 ], [ 12.062312911236482, 55.973133558516636 ], [ 12.062394315407333, 55.973149334291669 ], [ 12.062445946365891, 55.973161625108673 ], [ 12.062493463119731, 55.973176625240193 ], [ 12.062616622851483, 55.973215635042628 ], [ 12.06271040113276, 55.973248003716328 ], [ 12.062747447174335, 55.973262365142517 ], [ 12.062740995370419, 55.973274032501706 ], [ 12.062742887606454, 55.97331012438201 ], [ 12.062734719394932, 55.973336577668526 ], [ 12.062773145904952, 55.973366367190032 ], [ 12.062832449462888, 55.973382422561606 ], [ 12.062889701450715, 55.973398888514701 ], [ 12.06297847531636, 55.973424729000243 ], [ 12.063092601453262, 55.973465041768506 ], [ 12.063187834254601, 55.973501599117206 ], [ 12.063239752327828, 55.973523591438578 ], [ 12.063251851048562, 55.973528594508998 ], [ 12.063305450479666, 55.97355360151424 ], [ 12.063366458382463, 55.973587144329095 ], [ 12.063378080359442, 55.973594226895791 ], [ 12.063392055898913, 55.97360268928982 ], [ 12.063426254738207, 55.973726976522727 ], [ 12.06359140229964, 55.973828588742606 ], [ 12.063865030498297, 55.974010567917681 ], [ 12.063920879313875, 55.974027517802377 ], [ 12.063973415417003, 55.974012726222526 ], [ 12.064010582988454, 55.974006317850467 ], [ 12.064019232305803, 55.974016351041612 ], [ 12.064033167643506, 55.974034433439463 ], [ 12.064060929414531, 55.974036799337625 ], [ 12.06407224852863, 55.974050182227835 ], [ 12.064107702337115, 55.974068718173214 ], [ 12.064125108676851, 55.97408203952174 ], [ 12.064147424283885, 55.974102700260403 ], [ 12.064166170162283, 55.974122820517671 ], [ 12.064202741398818, 55.974135215581704 ], [ 12.0641948951688, 55.974153570154009 ], [ 12.064189498667933, 55.974172493066234 ], [ 12.064138612985618, 55.974232462311072 ], [ 12.064146354754454, 55.974249260412826 ], [ 12.064190459334135, 55.974269738674131 ], [ 12.064207652831792, 55.974280368370962 ], [ 12.06424764372936, 55.974325850666965 ], [ 12.064285178427108, 55.974366629470609 ], [ 12.064347110805056, 55.974415880954837 ], [ 12.064385397653439, 55.974443875517458 ], [ 12.064408567183413, 55.974489506579459 ], [ 12.064403815157425, 55.974528730388677 ], [ 12.064439804764282, 55.974560108312552 ], [ 12.064485827249694, 55.974600765781119 ], [ 12.064521231654595, 55.974649059045554 ], [ 12.064563038974745, 55.97467696596533 ], [ 12.064636990933673, 55.974693734809428 ], [ 12.064655996250828, 55.97471915251834 ], [ 12.064696471215766, 55.974740350204293 ], [ 12.064739077006241, 55.974754033332395 ], [ 12.064830223078721, 55.97478143167281 ], [ 12.064978290947693, 55.974847418066382 ], [ 12.065054111408971, 55.974883737912506 ], [ 12.065071358439914, 55.974897063099696 ], [ 12.065066121813647, 55.974920027480181 ], [ 12.065049412561535, 55.974960088262698 ], [ 12.065017001829393, 55.97499622466848 ], [ 12.065001994356059, 55.975017274638525 ], [ 12.06496964033917, 55.975054128802185 ], [ 12.064914535934586, 55.975099280290998 ], [ 12.064875927787071, 55.975132064852218 ], [ 12.064877905533253, 55.975155029499881 ], [ 12.064932795918219, 55.975176048205668 ], [ 12.064985814582204, 55.975179493476467 ], [ 12.065042360983364, 55.975178895430432 ], [ 12.065055818622643, 55.97518485339328 ], [ 12.065084333049784, 55.975204820330788 ], [ 12.065128651328616, 55.975236080705145 ], [ 12.065161912563282, 55.97525727796792 ], [ 12.065191766835548, 55.97528404377946 ], [ 12.065230313689483, 55.975321381007646 ], [ 12.065237683733017, 55.975361831447096 ], [ 12.065235389403423, 55.975401713314803 ], [ 12.065246173576611, 55.975436684914868 ], [ 12.065247080947463, 55.975494736378074 ], [ 12.065255361576497, 55.975564920360434 ], [ 12.065268230600177, 55.975589771509689 ], [ 12.065295943621326, 55.975625939969063 ], [ 12.065310730589461, 55.975670970410995 ], [ 12.065336096872906, 55.97574027969258 ], [ 12.065400117151151, 55.975783455566031 ], [ 12.065433439072311, 55.975841868984176 ], [ 12.065450261323564, 55.975876150907588 ], [ 12.06544395736576, 55.975905884208998 ], [ 12.065472309130309, 55.975958218358379 ], [ 12.065486301803814, 55.976019540070752 ], [ 12.065528859987882, 55.976062980337325 ], [ 12.065552088713687, 55.976109328916749 ], [ 12.065571367805298, 55.976182745164685 ], [ 12.06557478572801, 55.976209719366267 ], [ 12.065618407164344, 55.976290890262092 ], [ 12.06565722871286, 55.976333704306683 ], [ 12.065693110759559, 55.976365713856332 ], [ 12.065747046202571, 55.976392869051026 ], [ 12.065798361734874, 55.97641325719264 ], [ 12.065857204229125, 55.976441638670877 ], [ 12.065964373133697, 55.976478975667192 ], [ 12.066004368367309, 55.976485981024133 ], [ 12.066023594524292, 55.976487839789726 ], [ 12.066029036856873, 55.976505953594646 ], [ 12.066027601300732, 55.976534397069955 ], [ 12.066011044955149, 55.976578409681544 ], [ 12.066037749239765, 55.976618019218968 ], [ 12.066073199618758, 55.976632419418422 ], [ 12.066112397276074, 55.976653648467035 ], [ 12.066171240018253, 55.976686075202508 ], [ 12.066193774488619, 55.976673018431356 ], [ 12.066231900902894, 55.976664517898875 ], [ 12.066235638034923, 55.976665144050571 ], [ 12.066271627433395, 55.976698499237358 ], [ 12.066307514383494, 55.976724485335176 ], [ 12.066351516378324, 55.976743616954714 ], [ 12.066417194660604, 55.976765175554334 ], [ 12.066481007875025, 55.976765205049929 ], [ 12.066544920556073, 55.976766490607083 ], [ 12.066632707356286, 55.976765563574922 ], [ 12.066665451630149, 55.97673768905625 ], [ 12.066851345943212, 55.976657636268861 ], [ 12.066939359129423, 55.976617058385202 ], [ 12.067002985767648, 55.976639027350949 ], [ 12.067174398205969, 55.976758728310884 ], [ 12.067234767025971, 55.97685898950207 ], [ 12.06725801820914, 55.976929879370289 ], [ 12.067166908763529, 55.976949588354891 ], [ 12.067100981220257, 55.976979547874691 ], [ 12.067134294051119, 55.977013508858356 ], [ 12.067029896041591, 55.977033458738454 ], [ 12.066937254209028, 55.977098604163167 ], [ 12.066942927604623, 55.977125701973733 ], [ 12.066915661326, 55.97717618434325 ], [ 12.06691224174234, 55.977211958968645 ], [ 12.066942202464439, 55.977229911737993 ], [ 12.066940233832637, 55.977263762379707 ], [ 12.066954335974847, 55.977271771752072 ], [ 12.066942066090126, 55.977303092053383 ], [ 12.066924719656541, 55.977314851107742 ], [ 12.066916985950515, 55.977362959269982 ], [ 12.066827736439508, 55.977414265747115 ], [ 12.066700477286535, 55.977469485133888 ], [ 12.066667732030389, 55.977552017613959 ], [ 12.066725997026523, 55.977684424982542 ], [ 12.06675854335335, 55.97780183042714 ], [ 12.066757104059597, 55.977840342573828 ], [ 12.066749997058118, 55.977872073692829 ], [ 12.066709117039535, 55.978034098678869 ], [ 12.066660521907947, 55.978222206325562 ], [ 12.066650334873062, 55.978407379961958 ], [ 12.066614209996162, 55.978449272793078 ], [ 12.066607460128443, 55.978457172060338 ], [ 12.066551654526807, 55.978521849528185 ], [ 12.066472998483569, 55.978670521092049 ], [ 12.066497287439464, 55.978699852416582 ], [ 12.06644026009203, 55.978830095812505 ], [ 12.066424550721971, 55.97886051279238 ], [ 12.066346470948528, 55.978903090386396 ], [ 12.066228232858688, 55.978985233793601 ], [ 12.06609853993533, 55.979070538945415 ], [ 12.065995299151478, 55.979125429333017 ], [ 12.065946380325956, 55.979143457869014 ], [ 12.065912136879108, 55.979166604881087 ], [ 12.065869645834898, 55.97920101460555 ], [ 12.065822152484449, 55.979222873218674 ], [ 12.065780938127384, 55.97925518348292 ], [ 12.06557839090946, 55.979329625724596 ], [ 12.065342404414354, 55.979443465967506 ], [ 12.065215075933638, 55.979499943981395 ], [ 12.065159007746459, 55.979524892440097 ], [ 12.065089288539523, 55.979541460466805 ], [ 12.065041126273723, 55.97955893041626 ], [ 12.065013067920436, 55.979565022464122 ], [ 12.064939406213357, 55.979600656950844 ], [ 12.064868413197715, 55.979621391845342 ], [ 12.064683689340271, 55.979635427226114 ], [ 12.064646607840894, 55.979651093061484 ], [ 12.064610755008928, 55.979651895173319 ], [ 12.064520423207842, 55.979675448346754 ], [ 12.064455114192686, 55.979682916502725 ], [ 12.064413918817996, 55.979693200844615 ], [ 12.064392004628177, 55.979703994376344 ], [ 12.064259190868622, 55.979729682978792 ], [ 12.063980803435161, 55.979755576469401 ], [ 12.063870022558079, 55.979784132704957 ], [ 12.063635762020558, 55.979836796126193 ], [ 12.063469655877963, 55.979855131193958 ], [ 12.063402549301916, 55.979870284802928 ], [ 12.063350068912374, 55.979863589059711 ], [ 12.06320141574539, 55.979883647264927 ], [ 12.063174737714681, 55.979905166980188 ], [ 12.062974856777526, 55.979954636827166 ], [ 12.062676197059576, 55.980060770749638 ], [ 12.062540379080577, 55.980048505404397 ], [ 12.062493153163244, 55.980069726757712 ], [ 12.062480445973701, 55.980095573651731 ], [ 12.062354500703361, 55.980137181096119 ], [ 12.062209996745551, 55.980191475871067 ], [ 12.062153027013615, 55.98022939060742 ], [ 12.062092655644236, 55.980277008936184 ], [ 12.061995382035089, 55.980304058996303 ], [ 12.061961445762156, 55.980320994279836 ], [ 12.061945979013482, 55.980344392571659 ], [ 12.06187444221966, 55.980384647024628 ], [ 12.061807038456383, 55.98040214447029 ], [ 12.061685712492835, 55.980471774377179 ], [ 12.061488821570755, 55.980605761187284 ], [ 12.061425223140084, 55.98063691819074 ], [ 12.06142808203311, 55.980673075921501 ], [ 12.06140004463815, 55.980726093217989 ], [ 12.061309354491046, 55.980860766460999 ], [ 12.061305731733647, 55.980889983356356 ], [ 12.061303266342037, 55.980911530182091 ], [ 12.061282082932198, 55.980923473646293 ], [ 12.061300870092294, 55.981011016612086 ], [ 12.061295098853215, 55.981059704807997 ], [ 12.061315398035674, 55.981093361461255 ], [ 12.061334740588144, 55.981161562610062 ], [ 12.06134975753343, 55.981235894405678 ], [ 12.061351391031987, 55.981299141802488 ], [ 12.061333808883486, 55.98135055076726 ], [ 12.061361980562598, 55.981390484399562 ], [ 12.061376324748753, 55.981433997994792 ], [ 12.061347302362835, 55.981466453168899 ], [ 12.061385525591009, 55.981499664355383 ], [ 12.06137518397993, 55.9815858635884 ], [ 12.061347068506141, 55.981721049307744 ], [ 12.061341076077621, 55.981738548491982 ], [ 12.061307491654837, 55.981869465124419 ], [ 12.061325079460884, 55.981895188265511 ], [ 12.061313263952783, 55.981936385363049 ], [ 12.061300611318723, 55.981966995333387 ], [ 12.061275100265824, 55.98202561334962 ], [ 12.061240885871369, 55.98207150237949 ], [ 12.061109125749301, 55.982212050514732 ], [ 12.060978303994318, 55.982334056250927 ], [ 12.060906909777515, 55.982384285169701 ], [ 12.060811679520567, 55.982423060027735 ], [ 12.060767416468121, 55.982441240416755 ], [ 12.060754991117083, 55.982470676003828 ], [ 12.060752532346523, 55.982557218671381 ], [ 12.060718572299603, 55.9825738844713 ], [ 12.060717922776169, 55.982600150733717 ], [ 12.060701681286348, 55.982613769242867 ], [ 12.060708421487282, 55.982626007650786 ], [ 12.060684795534129, 55.982661834569839 ], [ 12.060632012304035, 55.98270611713432 ], [ 12.060564095464308, 55.982723266989488 ], [ 12.060506957330748, 55.98275911741792 ], [ 12.060430456817819, 55.982769108850206 ], [ 12.06031778460639, 55.982792135059874 ], [ 12.060275705655732, 55.982805496425129 ], [ 12.060284230542431, 55.982820027856619 ], [ 12.060251230299198, 55.982836669676544 ], [ 12.060222331014481, 55.982836218949203 ], [ 12.060215055970177, 55.98281518383228 ], [ 12.060166723886248, 55.982802180693213 ], [ 12.05996730895583, 55.982817203004899 ], [ 12.059796210851212, 55.98285777173821 ], [ 12.059755888097609, 55.982887270876638 ], [ 12.059749703395015, 55.982916551336913 ], [ 12.059781276970803, 55.982946781768945 ], [ 12.05991058333588, 55.982967842205433 ], [ 12.060078419769255, 55.983050334342302 ], [ 12.06021915592018, 55.983106440308816 ], [ 12.060392014394827, 55.983177390269084 ], [ 12.060468606737823, 55.98320506371445 ], [ 12.06055130222051, 55.98320040211253 ], [ 12.0606015643253, 55.983205356262687 ], [ 12.060540257726517, 55.983255424198333 ], [ 12.060531168460308, 55.983282439528885 ], [ 12.060566342785846, 55.98330952378852 ], [ 12.060706336222244, 55.983370412248448 ], [ 12.060762995323682, 55.983446136659474 ], [ 12.060909593090383, 55.983543898644697 ], [ 12.061073491198606, 55.983688067255116 ], [ 12.061369060385008, 55.983931806431208 ], [ 12.061511601800362, 55.984091787852847 ], [ 12.061602497859399, 55.984298271242196 ], [ 12.061652268679058, 55.984404461998359 ], [ 12.061694687110355, 55.984480539951434 ], [ 12.061806389413272, 55.984621599946919 ], [ 12.061828833097326, 55.984649899266955 ], [ 12.061890306477183, 55.984735751880493 ], [ 12.06206586026093, 55.984846726998185 ], [ 12.062285996278883, 55.984982034675099 ], [ 12.062399822624686, 55.985058674610585 ], [ 12.062512165889995, 55.985076018825254 ], [ 12.062666147276785, 55.98513116355862 ], [ 12.062919171266506, 55.985268619114827 ], [ 12.063064271270857, 55.985335131510539 ], [ 12.06329385925094, 55.985405386171813 ], [ 12.063500946715429, 55.985464872856909 ], [ 12.063683992957884, 55.985516416823359 ], [ 12.063813684030736, 55.985558409906162 ], [ 12.063929349396934, 55.985615674730703 ], [ 12.06417140388187, 55.985707642681042 ], [ 12.064346516580304, 55.985792645199119 ], [ 12.064569647191274, 55.985951427682117 ], [ 12.064680509103072, 55.986075605369706 ], [ 12.064851480928667, 55.98619334311234 ], [ 12.064941914441995, 55.986253931707672 ], [ 12.065015000438573, 55.986263530326497 ], [ 12.065090424964932, 55.986290510886946 ], [ 12.065209953645477, 55.986345880478943 ], [ 12.065276027788235, 55.986408693110192 ], [ 12.065393744632608, 55.986522181587119 ], [ 12.065671220251629, 55.986761596659335 ], [ 12.065759373531018, 55.986856132900478 ], [ 12.065915011796855, 55.986930021123534 ], [ 12.066127926830964, 55.986988010041721 ], [ 12.066400010570028, 55.98703373807529 ], [ 12.066836112329316, 55.987089046852482 ], [ 12.067085463339492, 55.987119067813616 ], [ 12.067318453256066, 55.987153091564217 ], [ 12.067362977674607, 55.987144251728701 ], [ 12.067413537721666, 55.987140745359888 ], [ 12.067478392000172, 55.987149648535073 ], [ 12.067609194960989, 55.987197453414765 ], [ 12.06773911350432, 55.987219928988225 ], [ 12.067860862601004, 55.987230381764533 ], [ 12.067917603770219, 55.987248206847674 ], [ 12.067956831702626, 55.987251455115491 ], [ 12.068071363854804, 55.987274043833487 ], [ 12.068148436590334, 55.987265112274137 ], [ 12.068183488766207, 55.98727233007866 ], [ 12.068213063760325, 55.987267098587445 ], [ 12.068245978321919, 55.987273650431256 ], [ 12.068261805822809, 55.987287190393033 ], [ 12.068320436308651, 55.987286359377627 ], [ 12.068385860208005, 55.987290303509866 ], [ 12.068548241994575, 55.9873480187035 ], [ 12.068609166031127, 55.987398372214692 ], [ 12.068734632247912, 55.987461771298513 ], [ 12.068824434632139, 55.987510236661805 ], [ 12.068889688260725, 55.987507981819235 ], [ 12.068966796756962, 55.987515679970635 ], [ 12.069088369206854, 55.9875643425558 ], [ 12.069111513533668, 55.987583183899147 ], [ 12.069132783428408, 55.987600633570892 ], [ 12.069151609792723, 55.987617604729273 ], [ 12.069139562795192, 55.987645683314227 ], [ 12.069153374031668, 55.987660082480573 ], [ 12.069195433709902, 55.987658585120521 ], [ 12.069285016367395, 55.987655723933919 ], [ 12.069369160908751, 55.987699565289134 ], [ 12.069472114066908, 55.987721722043922 ], [ 12.069658169965663, 55.987768507684095 ], [ 12.069970623346803, 55.987839831807634 ], [ 12.07008013971485, 55.98786586991244 ], [ 12.070111344570043, 55.987885229381334 ], [ 12.070162523957707, 55.987873345951414 ], [ 12.07026226260321, 55.98789540237302 ], [ 12.070419086815106, 55.987955770818374 ], [ 12.0705047365408, 55.987963974324494 ], [ 12.070582245725625, 55.988000968220938 ], [ 12.070729079470505, 55.988058708563123 ], [ 12.07088204227515, 55.988118902993378 ], [ 12.071149971642622, 55.988251565686937 ], [ 12.071402429460321, 55.988429742329799 ], [ 12.07159168113685, 55.98857937861402 ], [ 12.071686575764888, 55.988623220102227 ], [ 12.071894545394395, 55.988665140951227 ], [ 12.072180035600054, 55.988798712070739 ], [ 12.072377667983538, 55.988981130768259 ], [ 12.072691158480534, 55.989259277591934 ], [ 12.072931796816656, 55.989482335468637 ], [ 12.073029906481993, 55.989623185610483 ], [ 12.07311990117098, 55.989710299312016 ], [ 12.073233000159801, 55.98977328331447 ], [ 12.073372358587859, 55.989813497209376 ], [ 12.073734340743048, 55.98987404727243 ], [ 12.073925291354616, 55.989913602593532 ], [ 12.074012407360627, 55.989944241646192 ], [ 12.074075412004973, 55.98998833770856 ], [ 12.074219055385047, 55.990112768097156 ], [ 12.074355723082258, 55.99025436313643 ], [ 12.074430251948886, 55.990312285430583 ], [ 12.074507691183515, 55.990348289827224 ], [ 12.074602777929288, 55.9903641660771 ], [ 12.074703503970612, 55.990388441823754 ], [ 12.074777278343529, 55.990414648738231 ], [ 12.074858020076359, 55.990433669662956 ], [ 12.075014517010553, 55.990473543885564 ], [ 12.075139748409216, 55.990475182592917 ], [ 12.075250682517691, 55.990490662776239 ], [ 12.075310005183031, 55.990496463673836 ], [ 12.07538265691502, 55.99048431178479 ], [ 12.075515640550663, 55.990430109684063 ], [ 12.075568739614168, 55.990401994456661 ], [ 12.075619162289076, 55.990386621650366 ], [ 12.075707057656841, 55.990364469907874 ], [ 12.075810494152767, 55.990323950472387 ], [ 12.075965106275714, 55.990323955803206 ], [ 12.076116489477849, 55.990309567971885 ], [ 12.076237496256406, 55.990282273958279 ], [ 12.076348415300791, 55.990275368901337 ], [ 12.076450131223174, 55.990263659272436 ], [ 12.07653391558415, 55.990232170288813 ], [ 12.076632430734602, 55.990170107601827 ], [ 12.076797794059464, 55.990093519884027 ], [ 12.07687693967965, 55.99004605474753 ], [ 12.076979565780295, 55.990001419226616 ], [ 12.07709919770684, 55.98997299000699 ], [ 12.077295915756292, 55.989951894654887 ], [ 12.07757129246847, 55.989923619916119 ], [ 12.077702245182584, 55.989908481910859 ], [ 12.077889969715402, 55.98986909126149 ], [ 12.078029392538353, 55.989843492896803 ], [ 12.078129700906366, 55.989828221098676 ], [ 12.078233054688111, 55.989800826769027 ], [ 12.078253858184675, 55.989794193879192 ], [ 12.078409763291118, 55.989752001562636 ], [ 12.078504954333788, 55.989728856389156 ], [ 12.078542750116604, 55.989724136179412 ], [ 12.078568296388012, 55.9897085746952 ], [ 12.078593817162853, 55.989690676490035 ], [ 12.078625606924257, 55.989679004387462 ], [ 12.078729892777679, 55.989669386176637 ], [ 12.078806379305641, 55.989683296765222 ], [ 12.078866547427451, 55.989701750454124 ], [ 12.078915272437552, 55.989705387210826 ], [ 12.078986027245561, 55.989699663338087 ], [ 12.079183421759577, 55.989677019759711 ], [ 12.07927414174045, 55.989670257307978 ], [ 12.079339382644894, 55.989649658053267 ], [ 12.079396653995008, 55.989635730643293 ], [ 12.079561493882808, 55.989625227366894 ], [ 12.079708106957824, 55.989625517813771 ], [ 12.079766587969042, 55.989638889045288 ], [ 12.07981493497631, 55.989651884309865 ], [ 12.079863837345741, 55.989653718293248 ], [ 12.079903092602768, 55.98964114003072 ], [ 12.079928440226734, 55.989617042891631 ], [ 12.079955293793153, 55.989597762600646 ], [ 12.07999605908387, 55.989592068717833 ], [ 12.080051961377041, 55.989593188229378 ], [ 12.080116161449816, 55.989591762899316 ], [ 12.080170360817219, 55.989583575518722 ], [ 12.080336471306603, 55.989540676067399 ], [ 12.080467359643198, 55.989508635828969 ], [ 12.080576705827067, 55.989486034058594 ], [ 12.080694706113361, 55.989475441937763 ], [ 12.08077598206571, 55.989458845931566 ], [ 12.080815274252483, 55.989440692756325 ], [ 12.080839091463728, 55.98942760127823 ], [ 12.080891248271778, 55.98941793638518 ], [ 12.080965324236546, 55.989365291316922 ], [ 12.081504795894435, 55.989302174538295 ], [ 12.082091635391645, 55.989253872207989 ], [ 12.082208713841917, 55.98926595605262 ], [ 12.08234300510574, 55.989248482068156 ], [ 12.082468780146312, 55.989218725160356 ], [ 12.082558845398925, 55.989185636444098 ], [ 12.082621865639979, 55.989179474708351 ], [ 12.082709668339559, 55.989186447241323 ], [ 12.082787445732059, 55.98918836658612 ], [ 12.082860841396844, 55.989181585498514 ], [ 12.082960518600899, 55.98916245988012 ], [ 12.083040660910527, 55.989133664554224 ], [ 12.083150352842496, 55.989081205565405 ], [ 12.083423709731399, 55.988997500866716 ], [ 12.083486848003343, 55.988984773149184 ], [ 12.08350867351888, 55.98898494604493 ], [ 12.083550642709774, 55.988996391417366 ], [ 12.083652577425104, 55.98905191424155 ], [ 12.083714579445871, 55.989091355887453 ], [ 12.083756341519919, 55.989100199324554 ], [ 12.083795755250241, 55.989097684442527 ], [ 12.083826046716934, 55.989089374712549 ], [ 12.083850215739977, 55.989078701083038 ], [ 12.083852983733102, 55.989071170229785 ], [ 12.083849100621146, 55.989064704855551 ], [ 12.083823654892337, 55.989057340876755 ], [ 12.083916333337656, 55.989006745451086 ], [ 12.083871715429783, 55.988980173686208 ], [ 12.083772774684325, 55.989034701567917 ], [ 12.083422299074901, 55.988828797001176 ], [ 12.083477376657378, 55.988728979752594 ], [ 12.083451331992851, 55.988697987429099 ], [ 12.083388205640821, 55.988626300299494 ], [ 12.083387705019067, 55.988599882718795 ], [ 12.083402188842316, 55.988590440467938 ], [ 12.083462958112667, 55.988560062074711 ], [ 12.083479379732289, 55.988548773344803 ], [ 12.08350150800646, 55.988550736627253 ], [ 12.083667482923889, 55.988622995738837 ], [ 12.083713861459621, 55.988613294466056 ], [ 12.083824787613098, 55.988576356360291 ], [ 12.083858884357525, 55.988567501867792 ], [ 12.083913514689087, 55.988566763582625 ], [ 12.083952868194428, 55.9885755773429 ], [ 12.084028354514956, 55.988607129801338 ], [ 12.084097757466841, 55.988644857701878 ], [ 12.084111063367686, 55.988670954706421 ], [ 12.084128842245313, 55.988692804403577 ], [ 12.08415381475648, 55.988700270062644 ], [ 12.084184424749589, 55.988697975454542 ], [ 12.084282836223863, 55.988667013842623 ], [ 12.084305804207156, 55.988651335879119 ], [ 12.084322140600229, 55.98862287858001 ], [ 12.08430835472249, 55.988498175105846 ], [ 12.084308658523351, 55.98844764461748 ], [ 12.084322273833539, 55.988419255443453 ], [ 12.084357742900135, 55.988391397894631 ], [ 12.084453908703026, 55.988368493312635 ], [ 12.08473227496342, 55.988307494358331 ], [ 12.084858907485449, 55.988290568935909 ], [ 12.085029190704837, 55.988284057255285 ], [ 12.085225401181587, 55.988288942398299 ], [ 12.085294701940184, 55.988285139132074 ], [ 12.08535711235875, 55.988271349877984 ], [ 12.085422828120421, 55.988276895861929 ], [ 12.085510528358656, 55.988272541743562 ], [ 12.085715617000639, 55.988286193578816 ], [ 12.085881018384223, 55.988317020943946 ], [ 12.086053690631397, 55.988340474074676 ], [ 12.086180493410597, 55.988347815596612 ], [ 12.086360350668633, 55.988362817646752 ], [ 12.086460207392255, 55.98836409158757 ], [ 12.086718905490418, 55.988368217848205 ], [ 12.086819963453156, 55.988390587534006 ], [ 12.086922808147927, 55.988415249726188 ], [ 12.087166401297793, 55.988459218973198 ], [ 12.08740160349263, 55.988516613112829 ], [ 12.087579099357477, 55.988552259329438 ], [ 12.087757356796555, 55.988573322652762 ], [ 12.087905787437384, 55.988582367775926 ], [ 12.088126077676625, 55.988611636516055 ], [ 12.088231122211301, 55.988629679899169 ], [ 12.0883381548848, 55.988668619701279 ], [ 12.088416952887203, 55.988707458173913 ], [ 12.088558751067092, 55.988759999870922 ], [ 12.088707088001598, 55.988785947307868 ], [ 12.088827785869578, 55.988801170464967 ], [ 12.088922715138375, 55.988804993231895 ], [ 12.088980624664091, 55.988817205762302 ], [ 12.089066214433489, 55.988836635248823 ], [ 12.089223297993033, 55.988861643559765 ], [ 12.089415869976424, 55.988881176871438 ], [ 12.089536498550739, 55.988905570728903 ], [ 12.089767288594999, 55.988981949774889 ], [ 12.089959692674334, 55.989031512571096 ], [ 12.090056887118157, 55.989039592786362 ], [ 12.090255867217193, 55.989067054934225 ], [ 12.090404179976471, 55.989096686803769 ], [ 12.090599022553368, 55.989134590532466 ], [ 12.090786323941291, 55.989158389288043 ], [ 12.09098015480861, 55.989173573466928 ], [ 12.091135951172513, 55.989182429924519 ], [ 12.091293123950354, 55.989172372945156 ], [ 12.09150181485642, 55.989148706823002 ], [ 12.091674795124556, 55.989145804145473 ], [ 12.091813863942605, 55.989162091635826 ], [ 12.091906073271691, 55.989184050000212 ], [ 12.091990860142902, 55.98918938355402 ], [ 12.092048556084432, 55.989180833444564 ], [ 12.092109333779355, 55.989174723117081 ], [ 12.092153264521269, 55.989178564875736 ], [ 12.092198447087528, 55.989182015602857 ], [ 12.092252308678242, 55.989173651540256 ], [ 12.092310816804702, 55.989167238486765 ], [ 12.092384537916985, 55.989166556633577 ], [ 12.092548409525005, 55.989194177210273 ], [ 12.092622749637286, 55.98920525639565 ], [ 12.092716738960288, 55.989211347317067 ], [ 12.092856978579865, 55.989210163910897 ], [ 12.092962735592581, 55.989200946133586 ], [ 12.093049335099753, 55.98918079213702 ], [ 12.093163377730678, 55.989122730989074 ], [ 12.093239574738671, 55.989082790647693 ], [ 12.093446238535755, 55.989011705616853 ], [ 12.093629599528523, 55.988990200186613 ], [ 12.093720423117695, 55.98899681932901 ], [ 12.093854675134029, 55.988994976053945 ], [ 12.094002820698265, 55.989026495692485 ], [ 12.09423410517102, 55.989066804705807 ], [ 12.094407991131417, 55.989079248105334 ], [ 12.094599604075849, 55.989068681386549 ], [ 12.094795949208393, 55.989055118728899 ], [ 12.094906226828769, 55.989036256441672 ], [ 12.09507246092835, 55.988989108501265 ], [ 12.095142012589299, 55.988956346008059 ], [ 12.095191517799865, 55.988887498369458 ], [ 12.095246090423338, 55.988853943478489 ], [ 12.095300870492293, 55.988816967198581 ], [ 12.095342858429923, 55.98878849309569 ], [ 12.09542191365335, 55.988766279491351 ], [ 12.095486468037128, 55.988745239294339 ], [ 12.095521057199049, 55.98871650154657 ], [ 12.095540406543295, 55.988679696255154 ], [ 12.095595541508651, 55.988637137197429 ], [ 12.095667239043717, 55.988597128570774 ], [ 12.095820903862171, 55.988519190470974 ], [ 12.095914027145193, 55.988432255508322 ], [ 12.095987735094676, 55.988343201347696 ], [ 12.096038360985862, 55.988298418030219 ], [ 12.096103389658305, 55.988255250482418 ], [ 12.096269851201791, 55.988148851862327 ], [ 12.096352268821118, 55.988090503722773 ], [ 12.096412151410322, 55.98802912600074 ], [ 12.096489416105264, 55.987892335766773 ], [ 12.096558860552872, 55.987808153028126 ], [ 12.096663024926212, 55.987706915701843 ], [ 12.096784358956731, 55.987597785062846 ], [ 12.096879135100782, 55.98750550372246 ], [ 12.096981018703953, 55.987439923354835 ], [ 12.097079043422168, 55.987370214670939 ], [ 12.097128942053434, 55.987336416801014 ], [ 12.097385262084956, 55.987156557519903 ], [ 12.097476781598207, 55.987127826115795 ], [ 12.097736991814989, 55.987104831560082 ], [ 12.097810444378439, 55.987140921768031 ], [ 12.097839002618725, 55.987123032938165 ], [ 12.097861445982611, 55.987108893827219 ], [ 12.097807448791132, 55.987077438639453 ], [ 12.09787478583107, 55.986987015169163 ], [ 12.097974598711602, 55.986943691014815 ], [ 12.098494652851629, 55.986756926839298 ], [ 12.098807333216625, 55.986656196181087 ], [ 12.099188576393072, 55.986548525659231 ], [ 12.099367290642043, 55.986503215278098 ], [ 12.099491887501689, 55.986501069260605 ], [ 12.099679052189977, 55.986465164977375 ], [ 12.099852479120317, 55.986431943471231 ], [ 12.100059985904405, 55.986429778188466 ], [ 12.100152031806511, 55.986445711244208 ], [ 12.100268996390437, 55.986444385804923 ], [ 12.10040523730461, 55.986437450865338 ], [ 12.100655151719913, 55.986454174799313 ], [ 12.100823468510592, 55.986475289581222 ], [ 12.101118495793827, 55.986512632541974 ], [ 12.101307238879251, 55.986520466805899 ], [ 12.101561539503802, 55.986515862337491 ], [ 12.101706442282747, 55.986518956350736 ], [ 12.101818395520407, 55.986509125322847 ], [ 12.102079034118315, 55.986479548083359 ], [ 12.10230298882267, 55.986454490089173 ], [ 12.102657866433992, 55.986406176669412 ], [ 12.102875222248185, 55.986388835341046 ], [ 12.102940919189184, 55.986382146176311 ], [ 12.102984990058504, 55.986365753240783 ], [ 12.103141524440151, 55.986297891960902 ], [ 12.103169782949914, 55.986270300309648 ], [ 12.103205123316179, 55.986215021159857 ], [ 12.103301680866277, 55.98611118265562 ], [ 12.103393506523766, 55.986034343077705 ], [ 12.103530097887059, 55.985951790760367 ], [ 12.103709429769863, 55.98586627354539 ], [ 12.103754859081638, 55.985818830934818 ], [ 12.103764308834696, 55.985794679702764 ], [ 12.10375663194262, 55.98576493675732 ], [ 12.103757584853517, 55.98572481778789 ], [ 12.103749855560782, 55.98562441553716 ], [ 12.103737138165265, 55.985577808676432 ], [ 12.103704695861044, 55.985543205868993 ], [ 12.103475936472849, 55.985228209701745 ], [ 12.103080276295442, 55.98473959737607 ], [ 12.102782649914008, 55.984295531782159 ], [ 12.10277196875842, 55.984212284654596 ], [ 12.102773229135463, 55.984139974112942 ], [ 12.102785813660425, 55.984022878327075 ], [ 12.102771254635124, 55.983987285447164 ], [ 12.102738136620969, 55.983954227711813 ], [ 12.102696612677233, 55.983902323108289 ], [ 12.102679983982243, 55.983870917703399 ], [ 12.102654425905031, 55.983828140235467 ], [ 12.102523772598445, 55.983712584534359 ], [ 12.102205908988781, 55.983299952648835 ], [ 12.101935941304296, 55.982936637136291 ], [ 12.101803497378155, 55.982774648047204 ], [ 12.101557814633647, 55.982294031385592 ], [ 12.101024077018746, 55.981896631044464 ], [ 12.100536489154262, 55.981666897121848 ], [ 12.099988106506581, 55.981428802478874 ], [ 12.098948423552633, 55.981142654706723 ], [ 12.098436473004538, 55.981012953845031 ], [ 12.097815218710309, 55.98081974438464 ], [ 12.097650389129672, 55.980731653378314 ], [ 12.097430263007446, 55.980659875883305 ], [ 12.097058318413168, 55.980638572807337 ], [ 12.096518043813967, 55.980547513600165 ], [ 12.096320861001916, 55.980469853360738 ], [ 12.09595387588508, 55.98038621232822 ], [ 12.09571718401371, 55.980341817848192 ], [ 12.095608560996709, 55.980340951803448 ], [ 12.095453227326184, 55.980307367671998 ], [ 12.095371766157154, 55.980285232006615 ], [ 12.095300061096648, 55.980254760235319 ], [ 12.095061544285253, 55.980121320668225 ], [ 12.094928615312993, 55.980055079055631 ], [ 12.094844056763872, 55.980026278467463 ], [ 12.094287083632613, 55.979882588928831 ], [ 12.094135520854747, 55.979829939804695 ], [ 12.094090897693563, 55.979811282988315 ], [ 12.093963533769807, 55.979740405639376 ], [ 12.09387420443765, 55.979649873888739 ], [ 12.09373000715715, 55.979488711275017 ], [ 12.09358032085234, 55.979345126723487 ], [ 12.093449053512693, 55.979243421736726 ], [ 12.093392863924066, 55.97920240067689 ], [ 12.093227400593834, 55.979074045239209 ], [ 12.093065134159779, 55.978955588074527 ], [ 12.093052564013654, 55.978938733066656 ], [ 12.092988341119176, 55.978907532723774 ], [ 12.092964412085362, 55.978888985164325 ], [ 12.092934529128454, 55.97888020627056 ], [ 12.09290339206232, 55.978855726580946 ], [ 12.092781424067697, 55.978796129720912 ], [ 12.092760296840604, 55.978788569317601 ], [ 12.09265555655392, 55.978761982096877 ], [ 12.09258157803432, 55.978739117379668 ], [ 12.092484676391384, 55.978696241335811 ], [ 12.09242905233851, 55.978676331860242 ], [ 12.092249457975612, 55.978605865133297 ], [ 12.092154085598956, 55.978550005030556 ], [ 12.092083824289643, 55.978473287272926 ], [ 12.092017248173891, 55.978428660709483 ], [ 12.091909346092601, 55.978282137460432 ], [ 12.091721153654218, 55.978095916491718 ], [ 12.091599868396587, 55.978022726671085 ], [ 12.091504660468647, 55.97798295383425 ], [ 12.091430402882326, 55.977934474326645 ], [ 12.091348752363082, 55.977847613779836 ], [ 12.091284627385795, 55.977757346684221 ], [ 12.091236228591319, 55.977695362566138 ], [ 12.091125458703955, 55.977619301338343 ], [ 12.090927541695734, 55.977485914020093 ], [ 12.090830904708037, 55.977398080749822 ], [ 12.09078084969356, 55.977335418837313 ], [ 12.090680425480295, 55.977252355222753 ], [ 12.090615387965034, 55.977224949885453 ], [ 12.090508719179638, 55.977192206291576 ], [ 12.090299003207464, 55.977162048047646 ], [ 12.090184209737924, 55.977135980726302 ], [ 12.089924511892058, 55.977056103270733 ], [ 12.089591856157615, 55.976927891911444 ], [ 12.08947524825652, 55.976877057429 ], [ 12.089332956149921, 55.976817787282926 ], [ 12.089242347688101, 55.976757220711534 ], [ 12.089150479903582, 55.976709001775149 ], [ 12.089055790977095, 55.976643503088283 ], [ 12.089011298671876, 55.976618368522971 ], [ 12.088956251998431, 55.976577496675205 ], [ 12.088916525112479, 55.976489493317352 ], [ 12.088945268066665, 55.976449846374763 ], [ 12.088945211668564, 55.976358690568247 ], [ 12.088801700671754, 55.976209731569966 ], [ 12.088757754278355, 55.976151230836486 ], [ 12.088690972545649, 55.975991357673998 ], [ 12.088715154189, 55.975924675775403 ], [ 12.088639293551335, 55.97581177755135 ], [ 12.088545519101833, 55.975683326530842 ], [ 12.088450840651324, 55.975573686927561 ], [ 12.088387770879272, 55.975474402119907 ], [ 12.088262626201843, 55.975316441653327 ], [ 12.08821767094385, 55.975219129833945 ], [ 12.088161889800372, 55.975064464414643 ], [ 12.088034173387056, 55.974966710400693 ], [ 12.087720798439527, 55.974768339447941 ], [ 12.087559065888771, 55.974690316433026 ], [ 12.087403290878292, 55.974622662014781 ], [ 12.087197871908433, 55.974529551863938 ], [ 12.087004302944191, 55.974440279714855 ], [ 12.086917184130376, 55.97432280816377 ], [ 12.086875291184054, 55.974185414278161 ], [ 12.08686102566678, 55.974048676447438 ], [ 12.086792888160833, 55.973931987678412 ], [ 12.086716768159532, 55.973781517259731 ], [ 12.086665239085649, 55.973704237272706 ], [ 12.086534833938906, 55.973675231707375 ], [ 12.086470370453513, 55.973622728198208 ], [ 12.086415004047167, 55.973533497865468 ], [ 12.086441791092772, 55.973467290529399 ], [ 12.086338554133128, 55.973354717448373 ], [ 12.086310100259194, 55.973315515485517 ], [ 12.086247269369913, 55.973229169090494 ], [ 12.086250255351617, 55.973045341552833 ], [ 12.086143810837191, 55.972960897059984 ], [ 12.086082404010636, 55.972918565214236 ], [ 12.085970036689824, 55.972842269959202 ], [ 12.085885838326535, 55.97273722047656 ], [ 12.085738478333182, 55.97265029474449 ], [ 12.085602196040465, 55.972593746730119 ], [ 12.0854076283557, 55.972463593403639 ], [ 12.085316817135055, 55.972362035466951 ], [ 12.085176805574244, 55.972222424250774 ], [ 12.085106790046925, 55.972118277580364 ], [ 12.085089223050963, 55.972101007597971 ], [ 12.084937380694942, 55.97195171373707 ], [ 12.084759059275491, 55.971830232270875 ], [ 12.08465950363826, 55.971697338507958 ], [ 12.084563127046547, 55.971564095357678 ], [ 12.084475945992972, 55.971423519859663 ], [ 12.084455529784719, 55.971354359787476 ], [ 12.084427106112113, 55.971301402191628 ], [ 12.084402001406652, 55.971215638398931 ], [ 12.084367882919732, 55.971173701133992 ], [ 12.0843286944301, 55.971112382843579 ], [ 12.084305996220877, 55.971052809144332 ], [ 12.084286810185779, 55.970972920313542 ], [ 12.084325050226555, 55.970867320759055 ], [ 12.08441880772283, 55.970748284421859 ], [ 12.084468694453442, 55.970736606821291 ], [ 12.084550530189809, 55.970691316067835 ], [ 12.084575811401773, 55.97056994912915 ], [ 12.084544143620064, 55.970399755186293 ], [ 12.084530460165746, 55.970233965342352 ], [ 12.084329987495172, 55.97010998158089 ], [ 12.084205237869188, 55.970051165566524 ], [ 12.084022098750202, 55.969965673325049 ], [ 12.083889230733499, 55.969889440178711 ], [ 12.083807604771946, 55.96982459953842 ], [ 12.083765477399455, 55.969750499185153 ], [ 12.083697038612561, 55.969627793215231 ], [ 12.083679037093928, 55.969504363748925 ], [ 12.08367280869002, 55.969405990891509 ], [ 12.083679123469389, 55.96937859352046 ], [ 12.083691180398525, 55.969352850345331 ], [ 12.083691174583985, 55.969336668752391 ], [ 12.083696710740577, 55.969289423296303 ], [ 12.083694456109423, 55.969188613577472 ], [ 12.083695688295775, 55.969105426566991 ], [ 12.083703167941099, 55.96897587527225 ], [ 12.083732200632165, 55.968891542673859 ], [ 12.083760022266654, 55.968850391696321 ], [ 12.083790476295293, 55.968804050580076 ], [ 12.08385466499819, 55.968700228651073 ], [ 12.083897064860457, 55.968578433182337 ], [ 12.083896837544996, 55.968559470277832 ], [ 12.083891762289774, 55.968533976274074 ], [ 12.083870909428375, 55.968517687405047 ], [ 12.083839783829809, 55.968505251704613 ], [ 12.083797767015261, 55.968496954347231 ], [ 12.083735288947786, 55.968493394541646 ], [ 12.083657808703817, 55.968470522553787 ], [ 12.083606661769414, 55.968430090256952 ], [ 12.083566166136997, 55.968350285384716 ], [ 12.083501725732676, 55.968275754740382 ], [ 12.083352590164401, 55.96815012459151 ], [ 12.083246011348233, 55.968081862914296 ], [ 12.083178860571103, 55.968061878486225 ], [ 12.083113699481613, 55.968048766399896 ], [ 12.08298430734377, 55.968018113815184 ], [ 12.082811626699167, 55.967979285144722 ], [ 12.08255466594667, 55.967924765864701 ], [ 12.082484825837964, 55.967919322041702 ], [ 12.082429114791696, 55.967918199271111 ], [ 12.082187873561896, 55.967914168356501 ], [ 12.082049055053298, 55.967895976912523 ], [ 12.081994351318601, 55.967887367160884 ], [ 12.08177170277461, 55.96782488561292 ], [ 12.081689831371106, 55.967803201081807 ], [ 12.081607733881443, 55.967762553571497 ], [ 12.08151083192733, 55.967692969526944 ], [ 12.081413482341397, 55.967587527111355 ], [ 12.081384964339628, 55.967456719148501 ], [ 12.081328525685461, 55.96730134827974 ], [ 12.08131505109891, 55.967273007793281 ], [ 12.081296170200615, 55.967247229829397 ], [ 12.081269447738597, 55.967223625822164 ], [ 12.081190450879941, 55.967167527835088 ], [ 12.081048099222182, 55.967078673589249 ], [ 12.080989129063333, 55.967026479480829 ], [ 12.080954796887978, 55.966981759842589 ], [ 12.080888104440023, 55.966862694608317 ], [ 12.0808045867542, 55.96676787333962 ], [ 12.080714197247328, 55.966721679200106 ], [ 12.080593653710745, 55.966657090904249 ], [ 12.080565320361261, 55.966641438114898 ], [ 12.080548336615132, 55.966621366092497 ], [ 12.080541430955137, 55.966601041976929 ], [ 12.080534290648458, 55.966567688451342 ], [ 12.080520073356787, 55.966550154281819 ], [ 12.080488408194766, 55.966530898979329 ], [ 12.08046580643361, 55.966518788639398 ], [ 12.080366397376203, 55.966465987580484 ], [ 12.080253105048133, 55.96642000637712 ], [ 12.080194320911593, 55.966404395935712 ], [ 12.080164113236004, 55.966397420189899 ], [ 12.0800879466355, 55.966384941401031 ], [ 12.079993458078199, 55.966371842007348 ], [ 12.079853743236752, 55.966340275719382 ], [ 12.07975996902354, 55.966297851388077 ], [ 12.079730455354104, 55.966279441078846 ], [ 12.079624273229248, 55.966187792889173 ], [ 12.079507975894897, 55.966116085311256 ], [ 12.07943512565333, 55.966084824323808 ], [ 12.079302968876259, 55.966005152569679 ], [ 12.079084201311062, 55.965860222342634 ], [ 12.078573585097745, 55.965542161622288 ], [ 12.078429764772416, 55.965428619141512 ], [ 12.078190668309626, 55.965273857248818 ], [ 12.078007792129656, 55.965169021766194 ], [ 12.077844517182342, 55.965060729495839 ], [ 12.077792009312759, 55.96502320567199 ], [ 12.077758605389738, 55.965006240614279 ], [ 12.077739887251088, 55.964994572127068 ], [ 12.077670189026948, 55.964940397170302 ], [ 12.077635605252503, 55.964906560666812 ], [ 12.077615617787371, 55.964893036016754 ], [ 12.077592016139411, 55.964884456197318 ], [ 12.077491329939775, 55.964839685789777 ], [ 12.077436100142711, 55.964822367082711 ], [ 12.077381752552409, 55.964808082851725 ], [ 12.077348517630821, 55.96479929421799 ], [ 12.077313558000661, 55.964786952737128 ], [ 12.077273175575717, 55.964764857927648 ], [ 12.077164179069412, 55.96464370148955 ], [ 12.07712883182818, 55.964610333420794 ], [ 12.077271088683798, 55.964443972807594 ], [ 12.076824737613697, 55.964097150041951 ], [ 12.076761832195714, 55.964065908774053 ], [ 12.076706612755588, 55.964038610778246 ], [ 12.076631552878663, 55.963979445015433 ], [ 12.076581033824052, 55.963936656913511 ], [ 12.076511506724696, 55.963864407492572 ], [ 12.076431280972688, 55.963816877661039 ], [ 12.076340531796566, 55.963757923873352 ], [ 12.076272038486019, 55.963720888663168 ], [ 12.076193137678263, 55.963686001256455 ], [ 12.076178174161155, 55.963673159976004 ], [ 12.076096551155771, 55.963573703582121 ], [ 12.075964279152926, 55.963476231430661 ], [ 12.07587175305534, 55.96343323370894 ], [ 12.075733478913895, 55.963387333098261 ], [ 12.075649402184414, 55.963365969485352 ], [ 12.075601072712429, 55.963358815965201 ], [ 12.075537550644029, 55.963350064087308 ], [ 12.075506184314371, 55.963346622211539 ], [ 12.075458542437673, 55.963350149367749 ], [ 12.075422371994188, 55.963358873825463 ], [ 12.075399637902844, 55.963367262725299 ], [ 12.075384204840951, 55.963374750105622 ], [ 12.075348816617218, 55.963385252973701 ], [ 12.075316360175224, 55.963390288716901 ], [ 12.075270139757665, 55.963391532843282 ], [ 12.075223463023631, 55.963382989427934 ], [ 12.075175398753167, 55.963365041317957 ], [ 12.075132813633861, 55.963331314059047 ], [ 12.075119090823858, 55.963315924520721 ], [ 12.07508809654523, 55.963303033923211 ], [ 12.075064763721368, 55.96329984082579 ], [ 12.075033717909841, 55.963300436252396 ], [ 12.075001368306674, 55.96330681772023 ], [ 12.074975454643173, 55.96332966966812 ], [ 12.074958071285511, 55.963346914712496 ], [ 12.074935771458383, 55.963360776480322 ], [ 12.07489639462414, 55.963369490944814 ], [ 12.074860496897518, 55.963371555949394 ], [ 12.074777783450452, 55.963361305101131 ], [ 12.074762213487253, 55.963354951477491 ], [ 12.074748839705691, 55.963343958203332 ], [ 12.074740058147457, 55.963330243218806 ], [ 12.074731418999344, 55.963318322644604 ], [ 12.074731472686736, 55.963234176469193 ], [ 12.074712398834388, 55.963205885233741 ], [ 12.074681214382917, 55.963176457992546 ], [ 12.074626164741076, 55.963149244756323 ], [ 12.074578722817717, 55.963129033424266 ], [ 12.074550714391439, 55.963113371199448 ], [ 12.074524898854756, 55.963095047169261 ], [ 12.074453073662362, 55.96302204494031 ], [ 12.074405003755297, 55.962947460738178 ], [ 12.074398803748592, 55.962877404933408 ], [ 12.074404894667637, 55.962800659501944 ], [ 12.074405601205903, 55.962730790866047 ], [ 12.074378501035383, 55.962633658050542 ], [ 12.074335409266107, 55.962569287853633 ], [ 12.074296254640295, 55.96252423739211 ], [ 12.074250230560024, 55.962491584580683 ], [ 12.074195174649716, 55.962460236000588 ], [ 12.074157907166461, 55.96244300686697 ], [ 12.074090410656263, 55.962412418291926 ], [ 12.073970783012967, 55.962375219930273 ], [ 12.073660116418166, 55.962243092589958 ], [ 12.073409202062972, 55.962100483417366 ], [ 12.073262366652935, 55.961980897395122 ], [ 12.073162681437736, 55.961851594224584 ], [ 12.073097218304758, 55.961755688223313 ], [ 12.072965132399968, 55.961680593043802 ], [ 12.072901464053071, 55.961619432797399 ], [ 12.072857357046507, 55.961572527725195 ], [ 12.07280321400845, 55.961498094494118 ], [ 12.072736925300184, 55.961418031015818 ], [ 12.072714456004753, 55.961340829655171 ], [ 12.07270604396281, 55.961307507491988 ], [ 12.072660884091412, 55.961134141740374 ], [ 12.072637590358203, 55.961054623583102 ], [ 12.072644014574541, 55.961022459499574 ], [ 12.072670783436601, 55.960980078767285 ], [ 12.072735280265453, 55.960859713799508 ], [ 12.072751674641601, 55.960779475037711 ], [ 12.07274855007843, 55.960723905960613 ], [ 12.072691671534491, 55.960542202389362 ], [ 12.072689411932554, 55.960503602505362 ], [ 12.072679603571011, 55.960474899993898 ], [ 12.072573611147078, 55.960334696290353 ], [ 12.07250432211598, 55.960263247908543 ], [ 12.072474262371346, 55.960249973782595 ], [ 12.072437481551464, 55.960238845103795 ], [ 12.072265453092472, 55.960189467841779 ], [ 12.072101895398964, 55.960147879968005 ], [ 12.072052262359028, 55.960136352619784 ], [ 12.071957933673932, 55.960120995844733 ], [ 12.071876820219712, 55.960110613334933 ], [ 12.071814302610543, 55.960092215443574 ], [ 12.071549180061339, 55.960012706135331 ], [ 12.071340893496982, 55.959987066145914 ], [ 12.071206985794671, 55.959882797697524 ], [ 12.07113373357736, 55.959813874680925 ], [ 12.070987104299389, 55.959779594420048 ], [ 12.070940547710233, 55.959657235272687 ], [ 12.071011415180649, 55.959607102689979 ], [ 12.070980919109886, 55.959586287640576 ], [ 12.070858994259769, 55.95962106228481 ], [ 12.070546203734974, 55.959227106883901 ], [ 12.070450597560789, 55.959118736169522 ], [ 12.070432181989977, 55.958965199668761 ], [ 12.070409217943029, 55.958920103953766 ], [ 12.070289728928609, 55.958862222141796 ], [ 12.070209560273669, 55.958772704571835 ], [ 12.069988493707065, 55.958638244581657 ], [ 12.069931211436163, 55.958564517742801 ], [ 12.069867037458835, 55.958543373353905 ], [ 12.069707801491775, 55.958412585542469 ], [ 12.069636907279129, 55.958369313805655 ], [ 12.069549444791459, 55.958262537401254 ], [ 12.069391342225439, 55.958085333474969 ], [ 12.069271431000274, 55.957718570989122 ], [ 12.069286329058553, 55.95759710675398 ], [ 12.069236006238624, 55.957475649997797 ], [ 12.0690447704498, 55.957296844266267 ], [ 12.06881266018071, 55.956955981580123 ], [ 12.068722537001268, 55.956777082693698 ], [ 12.068424902247264, 55.956561821888869 ], [ 12.068179084552101, 55.956339156218739 ], [ 12.068137506858106, 55.956204625720979 ], [ 12.06817374068339, 55.956049008096706 ], [ 12.068182474289971, 55.956019663465717 ], [ 12.068285124655006, 55.955982404977746 ], [ 12.068490320953291, 55.955924791201944 ], [ 12.068513351003297, 55.955912081043259 ], [ 12.068517242985433, 55.955902544744035 ], [ 12.068517101090443, 55.955896704896389 ], [ 12.068507914761454, 55.955883898576857 ], [ 12.068498138457548, 55.955871736246117 ], [ 12.068485152874775, 55.955861541750778 ], [ 12.068468275497169, 55.955856838127893 ], [ 12.068450274800856, 55.955858185674934 ], [ 12.068427628929662, 55.955863604493892 ], [ 12.068402513112966, 55.955868185874721 ], [ 12.068291769210097, 55.955867978794309 ], [ 12.068233101632268, 55.955855596332775 ], [ 12.068193610672552, 55.955850647060089 ], [ 12.068094488995058, 55.955835317006972 ], [ 12.068048789799816, 55.955822791129918 ], [ 12.06801476848354, 55.955816087351394 ], [ 12.067986323305981, 55.955808974936993 ], [ 12.067887329200882, 55.95574464702667 ], [ 12.067850889539484, 55.955709415831777 ], [ 12.067793966479142, 55.955654288062192 ], [ 12.067764806506663, 55.95560170492336 ], [ 12.067752987769873, 55.955577906657204 ], [ 12.067743703397946, 55.955547662478523 ], [ 12.067731203733572, 55.955448456594006 ], [ 12.06774011195092, 55.955415242022731 ], [ 12.067773899260461, 55.95535219070532 ], [ 12.067775180487661, 55.955323840854348 ], [ 12.067750954269139, 55.955260706604207 ], [ 12.067729277421009, 55.955233827705555 ], [ 12.067658854296058, 55.955176159474689 ], [ 12.067627531852207, 55.955156982409903 ], [ 12.067527071117388, 55.955159125533307 ], [ 12.067045303127452, 55.955064866739974 ], [ 12.06690975854089, 55.955030665387014 ], [ 12.066752825881167, 55.954971195802244 ], [ 12.066539356568205, 55.95486548800266 ], [ 12.066151285031617, 55.954762509560162 ], [ 12.065743824244088, 55.954643291615106 ], [ 12.065594578263287, 55.954583719113238 ], [ 12.0654802732458, 55.954528310862067 ], [ 12.06538764867933, 55.954485667702741 ], [ 12.065267040160876, 55.954427539445184 ], [ 12.06518598930481, 55.954369145548334 ], [ 12.065097937104614, 55.954315420788141 ], [ 12.065026377764299, 55.954239260390963 ], [ 12.064928038350784, 55.954156754492708 ], [ 12.06480630540171, 55.954045883600898 ], [ 12.064692200218259, 55.953930148045096 ], [ 12.064567150165672, 55.953862420686463 ], [ 12.06449257715637, 55.953823103330542 ], [ 12.064446078470635, 55.953786233671551 ], [ 12.064422737867377, 55.953760564309746 ], [ 12.064310186477503, 55.953561094620305 ], [ 12.064079030905573, 55.953233504881375 ], [ 12.06402139694109, 55.953104407028547 ], [ 12.063998148024536, 55.953065700087819 ], [ 12.063841445405446, 55.952895466767927 ], [ 12.063785669050013, 55.952842556177913 ], [ 12.063777313212734, 55.952807793732219 ], [ 12.06379784958672, 55.952787864750178 ], [ 12.063836949763273, 55.952749404329367 ], [ 12.063841336061069, 55.952721786368521 ], [ 12.063837172282314, 55.952673165206861 ], [ 12.063753491521041, 55.952484124042023 ], [ 12.063703089646079, 55.952241754302392 ], [ 12.063699467876615, 55.952183770248027 ], [ 12.06369460937376, 55.952126356354121 ], [ 12.063667273904498, 55.952092695435148 ], [ 12.063610753318384, 55.952056704139466 ], [ 12.063497126663826, 55.952001636882507 ], [ 12.063432514245585, 55.951988950644932 ], [ 12.063395901568196, 55.951989951452617 ], [ 12.063328629868206, 55.951984163577379 ], [ 12.063269323720737, 55.951967659419203 ], [ 12.063266612119037, 55.951949567466208 ], [ 12.06327965598444, 55.951917958420303 ], [ 12.063281253952445, 55.951885465455632 ], [ 12.063259153349348, 55.951832885515763 ], [ 12.06321138999968, 55.951794159032772 ], [ 12.063021586246293, 55.951669247798925 ], [ 12.062986118314216, 55.95163201332705 ], [ 12.062939599961775, 55.951515763628592 ], [ 12.062913921208361, 55.95130028742205 ], [ 12.062896810107938, 55.951177013311948 ], [ 12.062907749169961, 55.951041714272613 ], [ 12.062945979586422, 55.950939538007866 ], [ 12.063003580546455, 55.950814854821843 ], [ 12.063010775469685, 55.950782222625079 ], [ 12.063013404762994, 55.950746557572764 ], [ 12.063005349405087, 55.950689223185698 ], [ 12.0629542477137, 55.95055753514341 ], [ 12.062962266480877, 55.950454222553724 ], [ 12.062948927334602, 55.95041517901965 ], [ 12.062946276669333, 55.950395826970613 ], [ 12.062940986389204, 55.950373484050345 ], [ 12.062924513794714, 55.950349531444104 ], [ 12.062905587507226, 55.950335079173776 ], [ 12.062892388661682, 55.950324170246972 ], [ 12.062894586380327, 55.950297236047106 ], [ 12.062889835745223, 55.950241167916154 ], [ 12.062885293837544, 55.950226267918993 ], [ 12.062853360243617, 55.950203329196789 ], [ 12.062841246969191, 55.950165603629493 ], [ 12.062821541981027, 55.950064239263497 ], [ 12.062784245130761, 55.950030196677289 ], [ 12.062524639519264, 55.94988149004768 ], [ 12.062488966323617, 55.949867993652973 ], [ 12.062436379714434, 55.949851322003582 ], [ 12.062385601953892, 55.949816985318719 ], [ 12.062154892230833, 55.949616227439975 ], [ 12.062101172135481, 55.949585200151475 ], [ 12.06199684607733, 55.949550397075932 ], [ 12.061963419080381, 55.949536934572343 ], [ 12.061949930211444, 55.94952234694226 ], [ 12.061868540569735, 55.949427011351546 ], [ 12.061857540741476, 55.94938916811298 ], [ 12.061852394910046, 55.949328075493597 ], [ 12.061876075427143, 55.949291167787273 ], [ 12.061886009737501, 55.949262782643622 ], [ 12.061886857254809, 55.949206575272662 ], [ 12.061873909429053, 55.949172466299295 ], [ 12.061844747030616, 55.949141996878005 ], [ 12.061718510510568, 55.94908535382941 ], [ 12.060937510298263, 55.948840382207784 ], [ 12.060228470993152, 55.948591549540097 ], [ 12.060125941897592, 55.948536832806177 ], [ 12.059959349514036, 55.948449906500244 ], [ 12.059792053432195, 55.948366233794367 ], [ 12.059756977423842, 55.948360273228978 ], [ 12.059725667016979, 55.948357365505736 ], [ 12.059697480054547, 55.948341255045172 ], [ 12.059654591229242, 55.948307350526989 ], [ 12.059595987346382, 55.948232663224061 ], [ 12.059557798994595, 55.948213654835783 ], [ 12.059486634270396, 55.948203107200953 ], [ 12.059459917874793, 55.948189387392567 ], [ 12.059433708222858, 55.948155697629431 ], [ 12.05939244585659, 55.948101795252612 ], [ 12.059379717160985, 55.948068399785996 ], [ 12.059413267838652, 55.947990074026549 ], [ 12.059403489255617, 55.947953458826099 ], [ 12.059311211522807, 55.947821534024357 ], [ 12.059269530801455, 55.947790745793732 ], [ 12.059195988620164, 55.947735847461935 ], [ 12.059099502747236, 55.947660213324198 ], [ 12.059072170270948, 55.947652891502806 ], [ 12.05903154826872, 55.947647697820933 ], [ 12.059000702279761, 55.94763848552288 ], [ 12.058980585281342, 55.947610937157627 ], [ 12.05897702719871, 55.947567874519507 ], [ 12.058984242630741, 55.947547647997759 ], [ 12.058975572438499, 55.947537255445766 ], [ 12.058957916938656, 55.947524658886934 ], [ 12.058931955969152, 55.947494109277642 ], [ 12.058869895922832, 55.947377615058265 ], [ 12.058791952573143, 55.94731158859495 ], [ 12.058676973034752, 55.947228952062915 ], [ 12.058663387121495, 55.947213107935056 ], [ 12.058657579327914, 55.947196351393409 ], [ 12.058669618713813, 55.947180410052475 ], [ 12.058685572499138, 55.947145043396922 ], [ 12.058670648734264, 55.947112241785412 ], [ 12.058618191568046, 55.947084957392455 ], [ 12.058558986933638, 55.947069617234526 ], [ 12.058509274253115, 55.947060873502359 ], [ 12.058462678667732, 55.947048995786929 ], [ 12.058407438232173, 55.947014858301486 ], [ 12.058327473506917, 55.946963804839172 ], [ 12.058290715418689, 55.946922286056463 ], [ 12.058280350744397, 55.94687822380584 ], [ 12.058253958051788, 55.946856404892394 ], [ 12.058231615446751, 55.9468026614867 ], [ 12.058222146836474, 55.946767926364501 ], [ 12.058205320684724, 55.94674146481492 ], [ 12.058170653984996, 55.946738640081747 ], [ 12.058016073105364, 55.946781495309722 ], [ 12.057991560242991, 55.946781474860323 ], [ 12.057961784886178, 55.946771606436009 ], [ 12.057943548679527, 55.946765856408739 ], [ 12.057943821561331, 55.946757129527697 ], [ 12.057990088016878, 55.946697816411003 ], [ 12.057992887696331, 55.946676441053945 ], [ 12.057974960859342, 55.94664820885383 ], [ 12.057936052792924, 55.946609889801401 ], [ 12.057925817088494, 55.94655323860605 ], [ 12.05794228386519, 55.946471561850778 ], [ 12.057966158636569, 55.946422873451588 ], [ 12.058012876546435, 55.946383506456911 ], [ 12.058056285451771, 55.946369213271126 ], [ 12.058071157770664, 55.946360753053185 ], [ 12.058072239492283, 55.946333846688475 ], [ 12.058061466884563, 55.946311010478063 ], [ 12.058065010373264, 55.946274693577521 ], [ 12.058093967235482, 55.9462213840198 ], [ 12.058094362457977, 55.946185774601162 ], [ 12.058072397690832, 55.94616321638631 ], [ 12.058035294923965, 55.946157934985884 ], [ 12.058028289453887, 55.946154423169567 ], [ 12.058009484243865, 55.946129269323968 ], [ 12.057986833102253, 55.946098008038469 ], [ 12.05797693214234, 55.946072003742621 ], [ 12.058006137675607, 55.946062468345573 ], [ 12.058033908654391, 55.946061149289349 ], [ 12.058056274629998, 55.946062391722577 ], [ 12.0580809608099, 55.946052429171601 ], [ 12.058143643275489, 55.9459758074088 ], [ 12.058158910885004, 55.945941896228 ], [ 12.058145787986115, 55.945913634626208 ], [ 12.058107519034506, 55.945889503639684 ], [ 12.05810197458368, 55.945861862877436 ], [ 12.058134582908931, 55.945854849968349 ], [ 12.058184351869903, 55.945860266207504 ], [ 12.05829280973045, 55.945831861324457 ], [ 12.058358463101181, 55.945807126684542 ], [ 12.058422753072607, 55.945801664048709 ], [ 12.058441503577463, 55.945797692240617 ], [ 12.058478439608651, 55.945778525400527 ], [ 12.058667103875411, 55.945654004480993 ], [ 12.058731500395231, 55.945566641944723 ], [ 12.05876728023283, 55.945551099657202 ], [ 12.058822396988031, 55.945518715505159 ], [ 12.058871083778762, 55.945506358540946 ], [ 12.058899041300069, 55.945509439651758 ], [ 12.058914743040061, 55.945517589850212 ], [ 12.058946471188289, 55.94551770053144 ], [ 12.05906607927967, 55.945504750064806 ], [ 12.059189721655695, 55.945473899429565 ], [ 12.059267669088729, 55.945442565947502 ], [ 12.059442913164485, 55.945367281775759 ], [ 12.05948859239439, 55.945347268067245 ], [ 12.059526326381464, 55.945342284959608 ], [ 12.059572200976829, 55.9453470782232 ], [ 12.059698692499472, 55.945364521407946 ], [ 12.059768807483472, 55.945349653795446 ], [ 12.059787271418564, 55.945340025322146 ], [ 12.05980757125131, 55.945321181618255 ], [ 12.05981732504231, 55.94529253142742 ], [ 12.059813571350196, 55.945273386534453 ], [ 12.059807705604994, 55.945259957708551 ], [ 12.059804691304233, 55.945252211491649 ], [ 12.059806633421024, 55.945244342094725 ], [ 12.0598474948667, 55.945248540660096 ], [ 12.059875065402924, 55.945262958319802 ], [ 12.059948593990656, 55.945262928838993 ], [ 12.060231410449305, 55.945247538933543 ], [ 12.0605414243075, 55.945219515844428 ], [ 12.06059307502815, 55.945214276352388 ], [ 12.060645174968961, 55.945216756905523 ], [ 12.060674684690166, 55.945221237394307 ], [ 12.060712394983618, 55.945238279536945 ], [ 12.060975248743327, 55.945329194231938 ], [ 12.061062714905235, 55.945390038165428 ], [ 12.061077601454244, 55.945406119392963 ], [ 12.06109251845665, 55.945442876421609 ], [ 12.061114656604806, 55.945473700430547 ], [ 12.061134546191436, 55.945488218890752 ], [ 12.061143586904201, 55.945509389852781 ], [ 12.061199142264464, 55.945549541460856 ], [ 12.061257196182483, 55.945586844079486 ], [ 12.061320676043422, 55.945607650304311 ], [ 12.061401017709287, 55.945616799959787 ], [ 12.061503716976096, 55.945616943193009 ], [ 12.06160730564474, 55.945612119828056 ], [ 12.061704205284469, 55.94560170923949 ], [ 12.062147168349858, 55.945467981922839 ], [ 12.062400286082362, 55.945317939110403 ], [ 12.062623013750139, 55.945166494167076 ], [ 12.063016365769455, 55.944907780694678 ], [ 12.063381052639722, 55.944736440965642 ], [ 12.063457042607054, 55.944696613139946 ], [ 12.063559559295511, 55.944651899979164 ], [ 12.063684541275766, 55.944623888145713 ], [ 12.063907745014765, 55.944583992542391 ], [ 12.064063950415736, 55.944549719489352 ], [ 12.064171486434505, 55.944546234052886 ], [ 12.064593528089388, 55.944587870343476 ], [ 12.064730863975628, 55.944596587984257 ], [ 12.065074374780528, 55.944554684270486 ], [ 12.065146618452493, 55.944560706834324 ], [ 12.065631690255502, 55.944597174414675 ], [ 12.065718815127067, 55.944619187577707 ], [ 12.065855813582722, 55.944629710334702 ], [ 12.06587266113837, 55.944632077639938 ], [ 12.065883674938782, 55.944633601336299 ], [ 12.065921797062407, 55.944637596405116 ], [ 12.065963377004177, 55.944634673085567 ], [ 12.066004797058234, 55.944631753733589 ], [ 12.066059644276525, 55.944622386900662 ], [ 12.066069661402047, 55.944639667595311 ], [ 12.066088740689874, 55.944637843972934 ], [ 12.066102217047343, 55.944636069985307 ], [ 12.066109465142091, 55.944634541004149 ], [ 12.066124547402003, 55.944632816918649 ], [ 12.066144017398809, 55.944631882539831 ], [ 12.066174764203714, 55.94463174609222 ], [ 12.066201417497899, 55.944636566091255 ], [ 12.066233242366541, 55.944654112736494 ], [ 12.066256927980207, 55.944667996459927 ], [ 12.066275007357333, 55.944679862246936 ], [ 12.06629812534489, 55.944686568239185 ], [ 12.06633276987824, 55.944685076101479 ], [ 12.066365407361191, 55.944680487502914 ], [ 12.066380372320689, 55.944679305697228 ], [ 12.066415074054573, 55.944674485875886 ], [ 12.066443597187391, 55.944670539120381 ], [ 12.066535466204762, 55.944655305567885 ], [ 12.066558919460178, 55.944650046691407 ], [ 12.066585183362887, 55.944641841058214 ], [ 12.066599765094585, 55.944635814264522 ], [ 12.066609312454903, 55.944628923985384 ], [ 12.06661584712508, 55.944620400679277 ], [ 12.0666844869101, 55.944607183983138 ], [ 12.066699530306815, 55.944602943643112 ], [ 12.066723036526763, 55.94460038036344 ], [ 12.066768094498176, 55.944598898406348 ], [ 12.066797963800413, 55.944597794779739 ], [ 12.066819380715298, 55.944597171389397 ], [ 12.066881666953785, 55.944592743082609 ], [ 12.066926800013308, 55.944586134994822 ], [ 12.066956040616709, 55.944583159127163 ], [ 12.06698316354065, 55.944581764277373 ], [ 12.067013142639786, 55.944584073997767 ], [ 12.067100038490597, 55.944593056646866 ], [ 12.06712904375644, 55.944599256225807 ], [ 12.067185031096727, 55.944590130178383 ], [ 12.067192186867203, 55.944587434755043 ], [ 12.067211028114052, 55.94458462800668 ], [ 12.067266247063827, 55.944586039164562 ], [ 12.067303900448168, 55.944588157620252 ], [ 12.067356010692734, 55.944588747204925 ], [ 12.067396780235995, 55.944587731453346 ], [ 12.067468128883286, 55.944594584043358 ], [ 12.067500080317858, 55.944591450606644 ], [ 12.067515190887079, 55.944590085237415 ], [ 12.067548258416112, 55.944580810895637 ], [ 12.067569366676498, 55.944574261777099 ], [ 12.067600255711556, 55.944571873971192 ], [ 12.067650326689057, 55.944570985970785 ], [ 12.06768648713248, 55.944582580830392 ], [ 12.067702659444413, 55.944588560643396 ], [ 12.067732727475866, 55.944589968990108 ], [ 12.067832766969186, 55.944580823753569 ], [ 12.067874375080132, 55.944578258676586 ], [ 12.067925330937044, 55.944574381870147 ], [ 12.067974687698159, 55.944574590314915 ], [ 12.068036788332131, 55.944579964962273 ], [ 12.06809389350523, 55.944586992338415 ], [ 12.06812772346589, 55.944597476468495 ], [ 12.068213822317542, 55.944628772979414 ], [ 12.06823604153753, 55.944638287857948 ], [ 12.06825707820386, 55.944638932270095 ], [ 12.068267278738594, 55.944636250801189 ], [ 12.068274921431383, 55.944629587652955 ], [ 12.068293074132171, 55.944614032336261 ], [ 12.068318456696252, 55.944602791749375 ], [ 12.068360694024582, 55.944594007842021 ], [ 12.068364211394213, 55.944593920180402 ], [ 12.068385745311428, 55.944596799635626 ], [ 12.068482901771397, 55.944613976033011 ], [ 12.068506414518167, 55.944619592996233 ], [ 12.068554510149776, 55.944618034674541 ], [ 12.068641445978631, 55.944617396122673 ], [ 12.068680559888525, 55.944615702025153 ], [ 12.068738089056554, 55.944601772224303 ], [ 12.068760486516844, 55.94460139374997 ], [ 12.068800531475148, 55.944595271388415 ], [ 12.068822527598599, 55.944591846362975 ], [ 12.068875544334848, 55.944581624908125 ], [ 12.068931840408434, 55.944570332803806 ], [ 12.068996205289981, 55.944553715331423 ], [ 12.069024532831461, 55.944545277931034 ], [ 12.069045757743725, 55.944546277108621 ], [ 12.069060992436327, 55.944548504388223 ], [ 12.069079147751694, 55.9445471528242 ], [ 12.069123239479444, 55.944537513339547 ], [ 12.069164063031856, 55.944514920050615 ], [ 12.069167548509654, 55.944512405905499 ], [ 12.069204247017106, 55.944492342691461 ], [ 12.069221109661216, 55.944474661831521 ], [ 12.069235837033984, 55.944456315013781 ], [ 12.069291781599, 55.944430467970271 ], [ 12.069332697414985, 55.9444049955747 ], [ 12.069408645116749, 55.94436067011511 ], [ 12.069457604463402, 55.944335626429954 ], [ 12.069481835446661, 55.944321987050479 ], [ 12.06949300941467, 55.944315415578636 ], [ 12.069529970979596, 55.944278444811296 ], [ 12.069621078388989, 55.944229336228908 ], [ 12.069716047564649, 55.944178423218681 ], [ 12.06982053833149, 55.944118282878058 ], [ 12.069837787556279, 55.94411155988935 ], [ 12.069852080912746, 55.944099876293087 ], [ 12.069866416968781, 55.944084685593644 ], [ 12.069880831239722, 55.944066436397264 ], [ 12.069935791267099, 55.944009958248479 ], [ 12.069940918362926, 55.943991760827394 ], [ 12.069954352064334, 55.943969220950045 ], [ 12.069975573908682, 55.943927698105597 ], [ 12.069984545063667, 55.943913540152693 ], [ 12.070018869674794, 55.943871600670647 ], [ 12.070071352867222, 55.943818240761601 ], [ 12.07012909411883, 55.94376250224721 ], [ 12.070152717171787, 55.943735123433164 ], [ 12.070181324835486, 55.943703934475913 ], [ 12.070221920152621, 55.943629924624972 ], [ 12.070285029399182, 55.943554993702627 ], [ 12.070294032736909, 55.943502807899947 ], [ 12.070301490604468, 55.943449312161988 ], [ 12.070312898844461, 55.943425474275024 ], [ 12.070327163391607, 55.943413431742137 ], [ 12.070343264785716, 55.943394241424819 ], [ 12.070386893237961, 55.94335854248154 ], [ 12.070404191890463, 55.943336265750844 ], [ 12.07042549461951, 55.943297797342915 ], [ 12.070507415542435, 55.94309429190205 ], [ 12.070565762584105, 55.943052292502749 ], [ 12.070631893606418, 55.942993287926811 ], [ 12.070689565331707, 55.942962992101656 ], [ 12.070703843817594, 55.942930901826436 ], [ 12.070733896428289, 55.942907857439451 ], [ 12.070774589364873, 55.942818921801397 ], [ 12.070859719552569, 55.942732833265651 ], [ 12.07092875203293, 55.94264777549725 ], [ 12.070934400407348, 55.942561332115446 ], [ 12.07099159505543, 55.942508843123804 ], [ 12.07105180221618, 55.942453941596469 ], [ 12.071142484182658, 55.942399538397673 ], [ 12.0712402005166, 55.942369232222276 ], [ 12.07130826214946, 55.94231844974238 ], [ 12.071394130199579, 55.942302373280434 ], [ 12.07142509533586, 55.942300971470047 ], [ 12.071495935317518, 55.942277178998459 ], [ 12.071527379797026, 55.942263628912542 ], [ 12.071574473646981, 55.942243395484503 ], [ 12.07163315646584, 55.942231952637684 ], [ 12.071680477370451, 55.942202453962054 ], [ 12.071699924561948, 55.942197204128476 ], [ 12.071732076059929, 55.942190558528814 ], [ 12.071767055452842, 55.942183213072489 ], [ 12.071796982854282, 55.942172757315404 ], [ 12.071841113159445, 55.94213938265252 ], [ 12.071913499957342, 55.94206233144768 ], [ 12.071943615032836, 55.942036048840627 ], [ 12.071971431922083, 55.942023218442841 ], [ 12.071999024562114, 55.941997448255222 ], [ 12.07212600142131, 55.941839114976439 ], [ 12.072216474905346, 55.941703268126552 ], [ 12.07225256975188, 55.94161498605952 ], [ 12.072243403863535, 55.941517495150904 ], [ 12.07220617196579, 55.941405421887374 ], [ 12.072164836724465, 55.941284011671229 ], [ 12.072187587026004, 55.941172868815038 ], [ 12.072259345689666, 55.941083876540958 ], [ 12.072335342029277, 55.940989744148645 ], [ 12.07242444495985, 55.94093367125992 ], [ 12.072577696509246, 55.940888672979206 ], [ 12.072694296502242, 55.940852140770559 ], [ 12.072771198332799, 55.940779561126234 ], [ 12.072922593380968, 55.940715190661436 ], [ 12.07314213781077, 55.940680043912941 ], [ 12.073357884616597, 55.940651554165157 ], [ 12.073616169141795, 55.940575704274345 ], [ 12.073846049938474, 55.940495169118023 ], [ 12.074039434388993, 55.940451324464838 ], [ 12.0741758711422, 55.940400361209264 ], [ 12.074220528743622, 55.940349442245747 ], [ 12.074325214496149, 55.940318240282942 ], [ 12.074376699036877, 55.940298884962985 ], [ 12.074452077428356, 55.940277854125519 ], [ 12.074594724492167, 55.94024462510923 ], [ 12.074762413459627, 55.940218142159736 ], [ 12.074905259230036, 55.940187424973708 ], [ 12.075068558112228, 55.940139925086335 ], [ 12.07521913325186, 55.940075392387527 ], [ 12.075411204712962, 55.939984741157282 ], [ 12.075609338531828, 55.939887735154002 ], [ 12.075673245979447, 55.939821051940598 ], [ 12.075831661350589, 55.939746343835267 ], [ 12.075964151548922, 55.939680014569305 ], [ 12.076080266167176, 55.939625331659968 ], [ 12.076176565110657, 55.939571233687694 ], [ 12.076319226967465, 55.939495839787703 ], [ 12.076437286715324, 55.939437422074981 ], [ 12.076561078440262, 55.939370500422541 ], [ 12.076767606530087, 55.939312748187092 ], [ 12.076896187041974, 55.939275912443748 ], [ 12.077137019945651, 55.939220538511513 ], [ 12.077275050813961, 55.939193804489072 ], [ 12.077366365857943, 55.939177857262344 ], [ 12.077418245374158, 55.939159479637425 ], [ 12.077472978831151, 55.939128624629433 ], [ 12.077555061334035, 55.939052855747441 ], [ 12.077561159744306, 55.939046949776582 ], [ 12.07759338952574, 55.939021152219134 ], [ 12.077647747388339, 55.938997678209326 ], [ 12.077843019582003, 55.938929327773842 ], [ 12.077960548091891, 55.938882428854171 ], [ 12.078053816168547, 55.938848722230119 ], [ 12.078217583499029, 55.938793115430457 ], [ 12.078306804132161, 55.938754835081269 ], [ 12.078362958367455, 55.938729787546634 ], [ 12.078436823954378, 55.938701869821664 ], [ 12.078478612485481, 55.938677451164139 ], [ 12.078540644700009, 55.938647761619549 ], [ 12.07865691412354, 55.938619322732009 ], [ 12.0787982756746, 55.938584143079481 ], [ 12.078913057630809, 55.938545043197792 ], [ 12.079041191580814, 55.938484483052335 ], [ 12.079176618265667, 55.938424998939105 ], [ 12.079257170636863, 55.938408690183778 ], [ 12.07930595888689, 55.938395782981686 ], [ 12.079503219461001, 55.938334392189624 ], [ 12.079609633865141, 55.938325077640847 ], [ 12.079744618205309, 55.938310463422653 ], [ 12.079869030779557, 55.938295843847364 ], [ 12.080054399357682, 55.938260191018045 ], [ 12.080260144302006, 55.938212880610799 ], [ 12.080400834948803, 55.938177356266912 ], [ 12.080423185836358, 55.938162323282612 ], [ 12.080425748694946, 55.938140144054799 ], [ 12.080436030270642, 55.938116333300989 ], [ 12.080449731789706, 55.938103314719747 ], [ 12.080482989173595, 55.938092503746759 ], [ 12.080514234666044, 55.938076528980581 ], [ 12.080525808184857, 55.93806293434924 ], [ 12.080557361138249, 55.938040748862115 ], [ 12.080586296328782, 55.938034001564915 ], [ 12.080594414135582, 55.93803739437336 ], [ 12.080605934647108, 55.93803926365009 ], [ 12.080600220682051, 55.938060083357563 ], [ 12.080581206437426, 55.938078808627658 ], [ 12.08056428147869, 55.938085525074925 ], [ 12.080556346910951, 55.938090488265118 ], [ 12.080546406542172, 55.93810044608049 ], [ 12.080547571285384, 55.938113092661283 ], [ 12.080566455157674, 55.938127003914857 ], [ 12.080600431322681, 55.938135323362523 ], [ 12.080676056594379, 55.938151770215271 ], [ 12.080725046671169, 55.938153510889542 ], [ 12.080863063203756, 55.938164980094243 ], [ 12.080928579176598, 55.938169093963779 ], [ 12.080985603602755, 55.938167127405826 ], [ 12.081119366829869, 55.938133124086328 ], [ 12.081204518674484, 55.93810618075824 ], [ 12.081220305333252, 55.938107313907786 ], [ 12.081551735185009, 55.93806144026032 ], [ 12.081849307966984, 55.938004726464762 ], [ 12.082086387337611, 55.937932535619112 ], [ 12.082202126664045, 55.937881362181443 ], [ 12.082297285380253, 55.93782315243341 ], [ 12.082434245560034, 55.937772975712534 ], [ 12.082592309757446, 55.937724338049286 ], [ 12.082706188612764, 55.937692089464051 ], [ 12.082766962746815, 55.937664766593684 ], [ 12.082815059992056, 55.937641177310923 ], [ 12.082858892070846, 55.937598186769755 ], [ 12.082920728274026, 55.937560049359632 ], [ 12.08300045445173, 55.937525329530132 ], [ 12.083060144434643, 55.937508551826291 ], [ 12.083154842941557, 55.937484874071792 ], [ 12.083227533764127, 55.937456353517 ], [ 12.083292362412983, 55.937413556120255 ], [ 12.083316584195007, 55.93739991411006 ], [ 12.083416401581324, 55.937333855466314 ], [ 12.083552228819245, 55.937261410910104 ], [ 12.083688205361184, 55.937190850332883 ], [ 12.083811250517813, 55.937138952914218 ], [ 12.083941181155906, 55.937113223248758 ], [ 12.084098468394465, 55.937081054546532 ], [ 12.084157058182477, 55.937070596780103 ], [ 12.084224254321564, 55.937027379957485 ], [ 12.084275190239792, 55.936979086658539 ], [ 12.084328896162393, 55.93693944412761 ], [ 12.084367098145528, 55.936924372837161 ], [ 12.084421936880993, 55.936925156389243 ], [ 12.084500795364738, 55.936935946139002 ], [ 12.084544547645208, 55.936926219554771 ], [ 12.084563358151909, 55.936921073476853 ], [ 12.0846283499832, 55.936894453057114 ], [ 12.084701807832134, 55.936851438653456 ], [ 12.084849467909125, 55.936742556726593 ], [ 12.084915817821004, 55.9367007990951 ], [ 12.085031133133763, 55.936666534512106 ], [ 12.085117851712885, 55.936637211753215 ], [ 12.085224226783648, 55.936605328615606 ], [ 12.085270311613225, 55.936574596852665 ], [ 12.085334817021293, 55.936541875107174 ], [ 12.085418252140045, 55.936491418272929 ], [ 12.085530292030747, 55.936440154501909 ], [ 12.085636297575363, 55.936391559052097 ], [ 12.085719538259909, 55.936354771517927 ], [ 12.08578656193273, 55.936323514682272 ], [ 12.085864232325333, 55.936295227281065 ], [ 12.085910759211995, 55.936280126603314 ], [ 12.085916554853805, 55.936276475257031 ], [ 12.08594850024609, 55.936261290601998 ], [ 12.085985034578622, 55.936263521197198 ], [ 12.086052135443875, 55.936285572364277 ], [ 12.086118615266894, 55.936299817854874 ], [ 12.086170504546882, 55.936299775568756 ], [ 12.086195043900574, 55.936276056320168 ], [ 12.086230033707757, 55.936234724562922 ], [ 12.086258814583763, 55.936211977749331 ], [ 12.086293316851398, 55.936186660213025 ], [ 12.086326605755122, 55.936156158946709 ], [ 12.086342738236283, 55.936117367613541 ], [ 12.086341490965484, 55.936053390811935 ], [ 12.086334844465487, 55.936016159476374 ], [ 12.086332217490614, 55.935993211200582 ], [ 12.086387394491449, 55.935927819727674 ], [ 12.086526487746156, 55.935850255502665 ], [ 12.086613370450014, 55.935794856823946 ], [ 12.086647027319124, 55.935770998760475 ], [ 12.086736128174143, 55.935755549423618 ], [ 12.086974532038974, 55.935712352992056 ], [ 12.087078992263553, 55.93570676672018 ], [ 12.087162196977191, 55.935709804331061 ], [ 12.087343964824466, 55.935747857839672 ], [ 12.087468761073985, 55.935768371315341 ], [ 12.087616242567021, 55.935776089403063 ], [ 12.0879076605467, 55.935807346306198 ], [ 12.088062143119124, 55.93582252966052 ], [ 12.088292606752823, 55.935842549077172 ], [ 12.088399976574724, 55.935861431129879 ], [ 12.088496130007309, 55.935890303600893 ], [ 12.088622708602243, 55.935898994425969 ], [ 12.088969783231768, 55.935917165494629 ], [ 12.089147378899714, 55.935914866486975 ], [ 12.089211382924415, 55.935928183552981 ], [ 12.08929689797189, 55.935948152674968 ], [ 12.089441969372647, 55.936032163488946 ], [ 12.089493685262017, 55.936064128219563 ], [ 12.089598667704756, 55.936087204516646 ], [ 12.089779100381744, 55.93611045464263 ], [ 12.089860755130983, 55.936116136419869 ], [ 12.090217904479434, 55.936109958160941 ], [ 12.090495157649672, 55.936092030168886 ], [ 12.09080487944045, 55.936079579263819 ], [ 12.091048197633622, 55.936065918225445 ], [ 12.091282561183158, 55.93606650583822 ], [ 12.091519228294473, 55.936083936191764 ], [ 12.091770846086023, 55.936114115868193 ], [ 12.091841435603305, 55.936131671239082 ], [ 12.092045534581114, 55.936182551978462 ], [ 12.092413222397596, 55.936284431139285 ], [ 12.092778840655262, 55.936410544101065 ], [ 12.092933802326508, 55.936518035818374 ], [ 12.092990712977086, 55.936552835277823 ], [ 12.093285228620674, 55.936697094928306 ], [ 12.09351568986726, 55.936767178577362 ], [ 12.093833400904373, 55.936898987364501 ], [ 12.094021539081975, 55.937032793521546 ], [ 12.094246195366527, 55.937196696730844 ], [ 12.094442915778403, 55.937337658293146 ], [ 12.094591146285669, 55.937461049591747 ], [ 12.094709987833189, 55.937609542237936 ], [ 12.094737317281554, 55.937717183758586 ], [ 12.094835745716578, 55.937808564065662 ], [ 12.095039918934539, 55.937992668799623 ], [ 12.095070616838461, 55.938054197160369 ], [ 12.095217306011541, 55.938238488294829 ], [ 12.095276245774656, 55.938368888522902 ], [ 12.095389435883597, 55.938514735792204 ], [ 12.095513837158961, 55.938642501005972 ], [ 12.095639806557374, 55.938765821607355 ], [ 12.09564556300907, 55.938801816348729 ], [ 12.095647175339401, 55.938840072882286 ], [ 12.095647400906477, 55.938915133078737 ], [ 12.095680511113802, 55.939040968501146 ], [ 12.095730424180394, 55.939144535856698 ], [ 12.095804249274035, 55.939210553273973 ], [ 12.09597946475526, 55.939306654238891 ], [ 12.096043258647754, 55.939345324726567 ], [ 12.096170670734743, 55.939392373977348 ], [ 12.096229694148885, 55.939409408732828 ], [ 12.096310023312546, 55.93945656323249 ], [ 12.096366927837797, 55.939503228074571 ], [ 12.096383172733534, 55.939562242889636 ], [ 12.096381427690797, 55.939652725436638 ], [ 12.096378894979166, 55.93966915080518 ], [ 12.096387193989903, 55.939680808768337 ], [ 12.096468370993808, 55.939762642962961 ], [ 12.096502424797615, 55.9397899248738 ], [ 12.096509430257592, 55.939795412317281 ], [ 12.096518457847553, 55.939818199454628 ], [ 12.09652145431914, 55.939847700940433 ], [ 12.09649902227444, 55.939919824990604 ], [ 12.096469949174212, 55.939978990785015 ], [ 12.096440115193257, 55.940042670671929 ], [ 12.096438386692535, 55.940061143495868 ], [ 12.096508635927147, 55.940226768943894 ], [ 12.096551196229909, 55.940288358195716 ], [ 12.096567944630401, 55.940403817058169 ], [ 12.096562476728332, 55.940445667850213 ], [ 12.096501928949568, 55.940521897101988 ], [ 12.09649574813478, 55.940538773828699 ], [ 12.096509972024547, 55.940554418123135 ], [ 12.096566987705804, 55.940594427551254 ], [ 12.096601480251316, 55.940607134727614 ], [ 12.096620752548946, 55.940617797463844 ], [ 12.096628540051043, 55.940645110750282 ], [ 12.096677316873366, 55.940742413398098 ], [ 12.096674908364898, 55.940790480185541 ], [ 12.096669506325815, 55.940819114133923 ], [ 12.096682888671353, 55.940872357467661 ], [ 12.096763422619517, 55.941018305844928 ], [ 12.096876048738622, 55.941219094517614 ], [ 12.096939271585009, 55.941284658831016 ], [ 12.097018318325166, 55.941345779569211 ], [ 12.097047546020262, 55.941388825229609 ], [ 12.097072575939427, 55.941449506844513 ], [ 12.097119035881413, 55.941521785729073 ], [ 12.097273013299528, 55.941648625462854 ], [ 12.097433374170036, 55.941773146825298 ], [ 12.097724632148607, 55.941918017884397 ], [ 12.097928006740485, 55.942021498658079 ], [ 12.098119761822462, 55.942079782480867 ], [ 12.098511472772998, 55.942200727713498 ], [ 12.098785127625673, 55.942301629141149 ], [ 12.098865451288559, 55.94232855487423 ], [ 12.09898184838403, 55.942359876563437 ], [ 12.09916600640442, 55.942397223694037 ], [ 12.099336946019925, 55.942435532627407 ], [ 12.099548814208614, 55.942518929230026 ], [ 12.099735169832979, 55.942623824496252 ], [ 12.099865328180471, 55.942678981803574 ], [ 12.099965555625618, 55.942748467452496 ], [ 12.100026962179829, 55.94279321936024 ], [ 12.10017898863518, 55.942867423746932 ], [ 12.100495028438743, 55.943027486708687 ], [ 12.100774389132507, 55.943201598031727 ], [ 12.100805621372908, 55.943215554884091 ], [ 12.100902243583308, 55.943231910188437 ], [ 12.10115302427501, 55.943272970289264 ], [ 12.10139322379289, 55.94332993893682 ], [ 12.101495210543403, 55.943381309298786 ], [ 12.101618356041115, 55.943492918502031 ], [ 12.101794420253375, 55.94361721862348 ], [ 12.101954290909784, 55.943731318394889 ], [ 12.102101079824697, 55.943870110332114 ], [ 12.102540932362357, 55.944037746463557 ], [ 12.102732023051368, 55.944101523921432 ], [ 12.102904829435474, 55.944167020517057 ], [ 12.103352077278725, 55.944290866222232 ], [ 12.103687115687608, 55.944373758165902 ], [ 12.103953851126452, 55.944405870024013 ], [ 12.104035979714505, 55.944407215532344 ], [ 12.104360275017104, 55.944385913363753 ], [ 12.104589313529214, 55.9443833742042 ], [ 12.104596277865435, 55.944388322851417 ], [ 12.104658224541589, 55.944391705169764 ], [ 12.104773659100092, 55.94438286072716 ], [ 12.10494994090773, 55.944379673561372 ], [ 12.105128615393056, 55.94436635705236 ], [ 12.105279130385219, 55.94435348085424 ], [ 12.10544421698734, 55.944322526710714 ], [ 12.105616772591784, 55.944300823378562 ], [ 12.105686766719899, 55.944300675893011 ], [ 12.105812170538842, 55.944300299232729 ], [ 12.106168400377273, 55.944329699068014 ], [ 12.10647418077893, 55.944363247651829 ], [ 12.106626336342311, 55.944376848765671 ], [ 12.106867714622711, 55.944398356755002 ], [ 12.107232622824286, 55.94443607498205 ], [ 12.107488300294129, 55.944452096591711 ], [ 12.10802141635498, 55.944479813079148 ], [ 12.108459396453407, 55.94447981301294 ], [ 12.108887971194466, 55.944446426442219 ], [ 12.109099034021932, 55.944431477168806 ], [ 12.109169049046063, 55.944423595810122 ], [ 12.109282035351956, 55.944376242016908 ], [ 12.109315556504052, 55.944340784061943 ], [ 12.109441264213645, 55.944150438118335 ], [ 12.109443812298606, 55.944126280661322 ], [ 12.109496381244256, 55.944042694755645 ], [ 12.109549192901071, 55.944010075784647 ], [ 12.109606077278045, 55.94398229839932 ], [ 12.109804436846986, 55.94391885323428 ], [ 12.109834755429619, 55.943907389325688 ], [ 12.10985887032947, 55.943902464992007 ], [ 12.109878317062197, 55.943901254560089 ], [ 12.109904442407482, 55.943899425919795 ], [ 12.109931048915223, 55.943895607327057 ], [ 12.109984808937126, 55.943866829888826 ], [ 12.11014698711808, 55.943811669916741 ], [ 12.110337768656208, 55.943725670694761 ], [ 12.110558923152706, 55.943640881550337 ], [ 12.110692328291668, 55.943598494373575 ], [ 12.110826930231731, 55.943549064631796 ], [ 12.110862366732844, 55.943543494417739 ], [ 12.11091066897756, 55.943542543570132 ], [ 12.110953804998893, 55.943541093953698 ], [ 12.110983478966958, 55.943535579420875 ], [ 12.111119883300262, 55.943494644274296 ], [ 12.111205833441234, 55.943455793136685 ], [ 12.111211293802619, 55.943441990391683 ], [ 12.11122869989725, 55.943419345286415 ], [ 12.111353840735623, 55.943377795521862 ], [ 12.111375929969881, 55.943379574655062 ], [ 12.11150243749916, 55.943327112330984 ], [ 12.111590285033556, 55.94329594433335 ], [ 12.111629710700488, 55.943290183168422 ], [ 12.111684201574057, 55.943272534047992 ], [ 12.111764510599301, 55.943235263482002 ], [ 12.11187281370041, 55.943193509467619 ], [ 12.111983631247702, 55.943151152395977 ], [ 12.112241280421513, 55.943054110241548 ], [ 12.112509582150899, 55.942995994492598 ], [ 12.112645502048402, 55.942967026516705 ], [ 12.112872400226596, 55.942925958933699 ], [ 12.113188564479273, 55.942847482798911 ], [ 12.113596444858789, 55.942738188021259 ], [ 12.113876703386376, 55.942679407227395 ], [ 12.114129070744797, 55.942644345658408 ], [ 12.114334169057981, 55.942631066409149 ], [ 12.1144429960735, 55.94263577501173 ], [ 12.114726530465967, 55.942663662697221 ], [ 12.115179067087057, 55.942717479728536 ], [ 12.115385714339395, 55.94274740135053 ], [ 12.115729732068814, 55.94278238653208 ], [ 12.115865186380267, 55.942783543186081 ], [ 12.116033984028086, 55.942788980030265 ], [ 12.116367041696906, 55.942817138763928 ], [ 12.11668918086785, 55.942840988126626 ], [ 12.116824902221795, 55.94285741994527 ], [ 12.1170668374839, 55.942911797127536 ], [ 12.117298354421752, 55.942964100252091 ], [ 12.11743552732627, 55.942984630046134 ], [ 12.117585347975956, 55.943011042495648 ], [ 12.117736037120764, 55.943056221850554 ], [ 12.117931260636759, 55.943131288604981 ], [ 12.118192764152871, 55.943217801690054 ], [ 12.118494275209358, 55.943271925738379 ], [ 12.119057095742855, 55.943376245688398 ], [ 12.119439354277301, 55.94346032603292 ], [ 12.119813926428829, 55.943530485702631 ], [ 12.120050874802534, 55.943576532905105 ], [ 12.120130692469365, 55.94360291841037 ], [ 12.120368482270191, 55.943653438685715 ], [ 12.120559477599658, 55.943713685145255 ], [ 12.121054422858601, 55.943937845170773 ], [ 12.121272033080224, 55.944024206026306 ], [ 12.121396966194704, 55.944061763200722 ], [ 12.12166749882455, 55.94413887035352 ], [ 12.121766870069687, 55.944157387213622 ], [ 12.12190352738515, 55.944175407986101 ], [ 12.12201582599821, 55.944179392625728 ], [ 12.122161834352646, 55.94421605498453 ], [ 12.122498881184372, 55.94432734361218 ], [ 12.122753353958929, 55.944429758071124 ], [ 12.123008618762368, 55.944567842251423 ], [ 12.123210172921878, 55.944663597083078 ], [ 12.123426205943108, 55.944754129657468 ], [ 12.123527431653221, 55.944791656893251 ], [ 12.123673594645691, 55.944832179286273 ], [ 12.123761566619295, 55.944868244613865 ], [ 12.123886599615258, 55.944904987691636 ], [ 12.124089429033486, 55.944966816441877 ], [ 12.124151405883559, 55.944990415733152 ], [ 12.124170920462625, 55.945035769567042 ], [ 12.124194465128978, 55.945053601601039 ], [ 12.124282125688023, 55.945071874253699 ], [ 12.124327328164661, 55.945084122236935 ], [ 12.124417386033862, 55.945140091996343 ], [ 12.124514023912688, 55.945206143308475 ], [ 12.124647961904731, 55.9452579426505 ], [ 12.124767091321297, 55.945306881309072 ], [ 12.124828847588919, 55.945357545801734 ], [ 12.12492178770801, 55.945405530842763 ], [ 12.124964203316077, 55.945446797172416 ], [ 12.125109050966703, 55.945534548857793 ], [ 12.125262603373196, 55.94562693401538 ], [ 12.125333149054933, 55.945671351839835 ], [ 12.125409436043883, 55.945753202125296 ], [ 12.125433069268503, 55.945770132685233 ], [ 12.125439368039522, 55.945774737487497 ], [ 12.125484612073524, 55.945795434617281 ], [ 12.125563385872743, 55.945836586825415 ], [ 12.125619955127993, 55.945868593503043 ], [ 12.125681762768281, 55.945903973266105 ], [ 12.125818861676176, 55.945967108449494 ], [ 12.12598423684361, 55.946070969490897 ], [ 12.126059238320076, 55.946116981885105 ], [ 12.126186252627003, 55.946217950997543 ], [ 12.126299690832145, 55.946303532205839 ], [ 12.126390692291595, 55.946398942793685 ], [ 12.126516998393305, 55.946534810827437 ], [ 12.126746544629796, 55.946792658416854 ], [ 12.127104484281269, 55.946924171206746 ], [ 12.127254481654539, 55.946964412304766 ], [ 12.127374469661467, 55.947013956038532 ], [ 12.127497756936325, 55.947064674450758 ], [ 12.12755631783196, 55.947083594161413 ], [ 12.12778373201165, 55.947177875772162 ], [ 12.127983940812344, 55.94726457736305 ], [ 12.128092318388518, 55.947311178996422 ], [ 12.128191225715439, 55.94736152726955 ], [ 12.128257237869432, 55.947399316173069 ], [ 12.12844531589305, 55.947522285350047 ], [ 12.128663331136423, 55.947688634488962 ], [ 12.128898265600366, 55.947834325733162 ], [ 12.129294136079043, 55.9480703213504 ], [ 12.129478585509126, 55.948172074903326 ], [ 12.129597465730059, 55.948203844465752 ], [ 12.129836900683518, 55.94825835066154 ], [ 12.13011316818322, 55.948340418363053 ], [ 12.130501286818864, 55.94847034523427 ], [ 12.130885382328973, 55.948598035815735 ], [ 12.131095033011018, 55.948646734305704 ], [ 12.131211771292813, 55.948681703327217 ], [ 12.131286934849312, 55.948703795079687 ], [ 12.131405960400675, 55.948749224081965 ], [ 12.131460832901205, 55.948772011614338 ], [ 12.131529087102113, 55.948785918232403 ], [ 12.131590169873791, 55.948792365698402 ], [ 12.131686346608605, 55.948804842799632 ], [ 12.131799539774468, 55.948837564043743 ], [ 12.131953687704673, 55.948897292258387 ], [ 12.132033504391337, 55.948949201996797 ], [ 12.132067083738898, 55.948970193536361 ], [ 12.13213603440858, 55.948992712536402 ], [ 12.132209510768176, 55.949025634698614 ], [ 12.132281614698854, 55.949053467417215 ], [ 12.132439984011414, 55.949163431820267 ], [ 12.132482092788145, 55.949200747899965 ], [ 12.1325637978785, 55.949228426080658 ], [ 12.132620750298091, 55.949251160193107 ], [ 12.132753839129927, 55.949311962665291 ], [ 12.132945565734175, 55.949364800070256 ], [ 12.133020630061155, 55.949385634714091 ], [ 12.133121195837859, 55.949452388730528 ], [ 12.133228206247422, 55.949531474808182 ], [ 12.133286433736208, 55.949581865476986 ], [ 12.133324421830682, 55.949625669075232 ], [ 12.133393627867155, 55.949653305215122 ], [ 12.133437796639711, 55.94968040982085 ], [ 12.133474587343326, 55.949715343716441 ], [ 12.133530149384384, 55.94975852018672 ], [ 12.133677694660429, 55.949877209190106 ], [ 12.13369495184485, 55.949900413746441 ], [ 12.133718504514928, 55.94991428823004 ], [ 12.133732709927642, 55.949933435040819 ], [ 12.133732049010026, 55.949974806020805 ], [ 12.133739328616263, 55.949991522000438 ], [ 12.133753818238221, 55.950006256458444 ], [ 12.133779660267411, 55.95002070196329 ], [ 12.133810495585326, 55.950033492062111 ], [ 12.133839082287034, 55.950064049756527 ], [ 12.133881019321068, 55.95009921214875 ], [ 12.133962450401087, 55.950131391429636 ], [ 12.134007675959438, 55.950145792993112 ], [ 12.134017118892043, 55.95017935515699 ], [ 12.1340366672552, 55.950193241611615 ], [ 12.134063376426706, 55.950194629435707 ], [ 12.134097265382829, 55.95020158811208 ], [ 12.134146463914183, 55.950233419061334 ], [ 12.134234511338219, 55.950299861580199 ], [ 12.13433584567963, 55.950360212167915 ], [ 12.134382595411784, 55.950391476065001 ], [ 12.134623809767012, 55.950493485203999 ], [ 12.134651817307638, 55.950514887629282 ], [ 12.134683761447279, 55.950555248700347 ], [ 12.134722540078601, 55.950577096079947 ], [ 12.134818293544061, 55.950641723797098 ], [ 12.13488632036101, 55.950704270502747 ], [ 12.134928067756741, 55.950756878059153 ], [ 12.134978357665608, 55.950790299110942 ], [ 12.135012064601288, 55.950804903710917 ], [ 12.135061965108614, 55.950815679750399 ], [ 12.135096005893212, 55.950834411244628 ], [ 12.135129921075112, 55.950869417896719 ], [ 12.135169158443212, 55.950889005951979 ], [ 12.135230338180621, 55.950906506940896 ], [ 12.135258528763016, 55.950922240850673 ], [ 12.135260431284232, 55.950935857261726 ], [ 12.135268423651166, 55.950955431822685 ], [ 12.13530496348695, 55.950985247271767 ], [ 12.135351779832089, 55.951019296035135 ], [ 12.13538296456441, 55.951038369885474 ], [ 12.135478608852605, 55.951062005319706 ], [ 12.135554129387875, 55.951074556023961 ], [ 12.135580286484132, 55.951079014200708 ], [ 12.135654368010117, 55.951091601491861 ], [ 12.13573412471057, 55.951114922149117 ], [ 12.135809511951322, 55.951151569400487 ], [ 12.13585412134549, 55.951168233512497 ], [ 12.135904793849457, 55.951170718720228 ], [ 12.136018477934666, 55.951195512478996 ], [ 12.136073662068037, 55.951216132485541 ], [ 12.136133257859754, 55.951237808801203 ], [ 12.136177031308884, 55.951258000208078 ], [ 12.136265947158762, 55.951273715393327 ], [ 12.136434352543944, 55.951303497792253 ], [ 12.136654299547187, 55.951376197915849 ], [ 12.136793552204914, 55.951419937882306 ], [ 12.136878166418102, 55.951430008598429 ], [ 12.13693919512121, 55.951447602507322 ], [ 12.137055283628223, 55.95150802453972 ], [ 12.137128863151768, 55.951544087764624 ], [ 12.137230155702586, 55.951586007541827 ], [ 12.137323956955829, 55.951600698491298 ], [ 12.137388583782664, 55.951619189403715 ], [ 12.137433796997144, 55.951645277119148 ], [ 12.137489868235321, 55.951680797377399 ], [ 12.137546062396993, 55.951727731835753 ], [ 12.137706187685428, 55.951833329814157 ], [ 12.137926699197035, 55.951914913492281 ], [ 12.138142422947416, 55.951974952804676 ], [ 12.138193168692805, 55.951990201085543 ], [ 12.138215372488938, 55.952001232310081 ], [ 12.138263603383455, 55.952019061875106 ], [ 12.138251478909945, 55.952043464236858 ], [ 12.138301127719069, 55.952049121084151 ], [ 12.138325834150027, 55.952007946227631 ], [ 12.138336300927135, 55.951994733769517 ], [ 12.13835832436102, 55.951975832709337 ], [ 12.13838188080306, 55.951969928137409 ], [ 12.138424683294643, 55.951966229994007 ], [ 12.138486963985912, 55.951975520398435 ], [ 12.138569034737356, 55.952017479577023 ], [ 12.138587698086306, 55.952054042821366 ], [ 12.138595814481322, 55.952112720736153 ], [ 12.138590260140671, 55.952150980126042 ], [ 12.138607703290223, 55.952166537760824 ], [ 12.138621018807566, 55.952162782110022 ], [ 12.138659121714491, 55.952081259971969 ], [ 12.138696176786354, 55.952030330694498 ], [ 12.138731239238874, 55.952010198166278 ], [ 12.138755609739773, 55.952002474760214 ], [ 12.138806588874171, 55.952000815550917 ], [ 12.138864058045021, 55.95201400424753 ], [ 12.138899802423722, 55.952033949902699 ], [ 12.138944871089823, 55.952083954297457 ], [ 12.138963185413282, 55.952139944893645 ], [ 12.138974864736506, 55.952165448576572 ], [ 12.138993020519949, 55.952173975752565 ], [ 12.139036840550162, 55.952176904093129 ], [ 12.139058035069944, 55.952161620057581 ], [ 12.139077361918476, 55.952135146073374 ], [ 12.139097582607141, 55.952113773624959 ], [ 12.139148024399768, 55.952095586284692 ], [ 12.139211607012326, 55.952079401293034 ], [ 12.139240403644081, 55.952078846880127 ], [ 12.139297415320625, 55.952084405499875 ], [ 12.13938919050582, 55.952109664918964 ], [ 12.139488851813606, 55.95213535248957 ], [ 12.139612018413949, 55.952184174341589 ], [ 12.139657015862593, 55.95219570288733 ], [ 12.139700683410489, 55.952188835724954 ], [ 12.139811981579344, 55.952209821169575 ], [ 12.139853817451399, 55.952217924148457 ], [ 12.139878209550183, 55.95223618121765 ], [ 12.139968633544752, 55.952276398158254 ], [ 12.140002525333291, 55.952285332985255 ], [ 12.140023305228627, 55.952298557818466 ], [ 12.140070410719288, 55.952310392057221 ], [ 12.140129588797508, 55.952322907287993 ], [ 12.140156583140167, 55.952345592963638 ], [ 12.140155362160746, 55.952372054857804 ], [ 12.140160195633321, 55.952396114826101 ], [ 12.140189704846517, 55.952414241329677 ], [ 12.140217738607515, 55.952428000331388 ], [ 12.140274402120081, 55.95244507465447 ], [ 12.140343756137561, 55.952468477914607 ], [ 12.140385679513946, 55.95246579042221 ], [ 12.140428278611392, 55.952441779254151 ], [ 12.140458884980132, 55.952414118339348 ], [ 12.140490414534225, 55.952399829048566 ], [ 12.14056734163802, 55.952388157610258 ], [ 12.14066442326739, 55.952358261614215 ], [ 12.140691518909081, 55.952334735714459 ], [ 12.140731355767052, 55.952312233305349 ], [ 12.140791958232837, 55.952304753965045 ], [ 12.140876880498929, 55.952310678687446 ], [ 12.140974536678165, 55.952313581485107 ], [ 12.141036411085123, 55.952307957487307 ], [ 12.141139785826919, 55.952256863832666 ], [ 12.141201129040194, 55.952234801499792 ], [ 12.141461702793443, 55.952249100157843 ], [ 12.141542766279173, 55.952272653486951 ], [ 12.141825809823699, 55.952358568218337 ], [ 12.141865328293283, 55.952379585438436 ], [ 12.14187174087062, 55.952421135671784 ], [ 12.141902289722395, 55.95242835727624 ], [ 12.141909369219833, 55.952432671649213 ], [ 12.141907821880679, 55.952449162940773 ], [ 12.141921806632713, 55.952461571956576 ], [ 12.141949840930561, 55.952473352745997 ], [ 12.141985492949978, 55.952496086806349 ], [ 12.141995357262953, 55.952520917342781 ], [ 12.142021982926911, 55.952558805232428 ], [ 12.142076751439637, 55.952595974927725 ], [ 12.142123807195613, 55.952611135984363 ], [ 12.142190305836598, 55.952628947354484 ], [ 12.14221621886259, 55.952656065321555 ], [ 12.142246201086834, 55.952664200310451 ], [ 12.14229240598209, 55.952668864650185 ], [ 12.142333988971522, 55.952685693610512 ], [ 12.142434665082511, 55.952729782562962 ], [ 12.14247372587246, 55.952743169727015 ], [ 12.142511232070074, 55.952769002839233 ], [ 12.142586177833586, 55.952800083494843 ], [ 12.142630060066368, 55.952849217889451 ], [ 12.142670371442948, 55.952866169097611 ], [ 12.142840184881084, 55.952909212235902 ], [ 12.142913110334355, 55.952937107847049 ], [ 12.142959615567717, 55.952967206147505 ], [ 12.142951078204669, 55.953006171239139 ], [ 12.142907798310944, 55.953049439400225 ], [ 12.142900103016599, 55.953075077702572 ], [ 12.142921422676444, 55.953094940931443 ], [ 12.142955273694694, 55.953123114734133 ], [ 12.142963888666465, 55.953148336695669 ], [ 12.142983406256292, 55.953173639951707 ], [ 12.143047777963307, 55.95320867618598 ], [ 12.143084965347171, 55.953236495085321 ], [ 12.143103632449792, 55.953259212916834 ], [ 12.143123318327248, 55.953296468637632 ], [ 12.14314316414888, 55.95333372027261 ], [ 12.143202131379319, 55.953402876827646 ], [ 12.143372973347072, 55.953537591641073 ], [ 12.143478204777001, 55.953602240628577 ], [ 12.143567604723829, 55.95365542684749 ], [ 12.143664679115831, 55.953694572364306 ], [ 12.143774763005128, 55.953720260145445 ], [ 12.143876595993493, 55.953733122915445 ], [ 12.144227200789997, 55.953745027101277 ], [ 12.144401291542854, 55.953769619197601 ], [ 12.144649126146884, 55.953832153642061 ], [ 12.144782015429156, 55.953882160566124 ], [ 12.144903610626809, 55.9539391084747 ], [ 12.145096796680418, 55.954015354256711 ], [ 12.145242900453768, 55.954058370502786 ], [ 12.145364783983037, 55.954089239410457 ], [ 12.145493460886172, 55.954150500881944 ], [ 12.145779486209561, 55.954292608464847 ], [ 12.145944716560253, 55.954389615052449 ], [ 12.146011309518416, 55.95442234552528 ], [ 12.146139703244746, 55.95447219619507 ], [ 12.146345084332209, 55.954507133755946 ], [ 12.14641329613341, 55.954524269829214 ], [ 12.146481202794273, 55.954585015505565 ], [ 12.14652288969809, 55.954634654202508 ], [ 12.146562484514137, 55.954648655769567 ], [ 12.146615690842603, 55.954646756650227 ], [ 12.146653596795716, 55.954645877830743 ], [ 12.146686822683847, 55.954650512647547 ], [ 12.146869638828635, 55.954701578850326 ], [ 12.146928234726913, 55.954718690704176 ], [ 12.146975481816103, 55.954722337781128 ], [ 12.147039046683165, 55.95472367985748 ], [ 12.147099585637394, 55.954713412148173 ], [ 12.147143311401615, 55.954699348820867 ], [ 12.147193171630059, 55.95468387006806 ], [ 12.1473456219227, 55.954668825589465 ], [ 12.147498902712128, 55.954664008374472 ], [ 12.147649917538278, 55.954668778374078 ], [ 12.147870924357917, 55.954682996391576 ], [ 12.147974450037307, 55.954673247457848 ], [ 12.148224541783765, 55.954666763261848 ], [ 12.148368737999602, 55.95466847029649 ], [ 12.148521218342397, 55.954693249626807 ], [ 12.148619961387142, 55.954717335235742 ], [ 12.148715915430294, 55.954750482167263 ], [ 12.148753237294034, 55.954770025114783 ], [ 12.148788529065195, 55.954811915360665 ], [ 12.14880547951349, 55.954843037052818 ], [ 12.14882710702001, 55.954888333357303 ], [ 12.148869364444979, 55.954939035522727 ], [ 12.148923521518931, 55.955023775447231 ], [ 12.148918482760608, 55.955048537123851 ], [ 12.148904966401391, 55.955063626522637 ], [ 12.148902187340113, 55.955084644476344 ], [ 12.148909018464469, 55.955109552093013 ], [ 12.148891709343445, 55.955162766515727 ], [ 12.148896563217887, 55.955187005493016 ], [ 12.148924900912043, 55.955204440735997 ], [ 12.148962628779552, 55.955217140784029 ], [ 12.148996506055365, 55.955237670766444 ], [ 12.149019866078664, 55.955260897041036 ], [ 12.149043796445627, 55.955267477080291 ], [ 12.149083519808814, 55.955265292428102 ], [ 12.149116068051717, 55.955259605340927 ], [ 12.149151118912551, 55.955263024117777 ], [ 12.149224422218607, 55.955283624476934 ], [ 12.149242519879863, 55.955307165106838 ], [ 12.149243410104523, 55.955351643227303 ], [ 12.14925405071822, 55.955378071607115 ], [ 12.149307791417545, 55.955418231237125 ], [ 12.149462758623434, 55.955550467188061 ], [ 12.149576661060376, 55.955666402524351 ], [ 12.1496246550244, 55.955744287555468 ], [ 12.149692592439662, 55.955840811280709 ], [ 12.149732598919362, 55.955920968314793 ], [ 12.149755192427365, 55.956013617482988 ], [ 12.149770288600655, 55.956065283871453 ], [ 12.149772003224726, 55.956147499238341 ], [ 12.149759481303573, 55.956214256246909 ], [ 12.149768874657559, 55.956278564728102 ], [ 12.149767984822399, 55.956295219137708 ], [ 12.149755682589021, 55.956311446278406 ], [ 12.149747582931056, 55.95633206095296 ], [ 12.149764582366872, 55.956349965857747 ], [ 12.149811888802979, 55.956377973473295 ], [ 12.149850162809747, 55.956417090130437 ], [ 12.149901605223457, 55.956472321751306 ], [ 12.149976757670581, 55.956549152292204 ], [ 12.150020682725554, 55.956626242271611 ], [ 12.150045540784964, 55.956646193615306 ], [ 12.150186097171527, 55.956709483890066 ], [ 12.150239465596234, 55.956733200823102 ], [ 12.150317052338288, 55.956802507123143 ], [ 12.150350941169046, 55.956831037634366 ], [ 12.150407940943138, 55.956895476555594 ], [ 12.150465265905451, 55.957005307041079 ], [ 12.150497802351076, 55.957137437850164 ], [ 12.150520342328081, 55.957237280334645 ], [ 12.150544413064898, 55.95735200718255 ], [ 12.15055859237664, 55.957473190272239 ], [ 12.150569488570705, 55.957603267643556 ], [ 12.150576943127703, 55.957694955528858 ], [ 12.150570198750993, 55.957805166681531 ], [ 12.150546083476199, 55.957898831042485 ], [ 12.150503971893317, 55.95800176613232 ], [ 12.150461734700375, 55.958071620923548 ], [ 12.150422949752949, 55.958112978718717 ], [ 12.150399225394494, 55.958122755596207 ], [ 12.150377978495023, 55.95812752453925 ], [ 12.150342729621086, 55.958127617272595 ], [ 12.150298592797137, 55.958136657766275 ], [ 12.150258317071385, 55.958149824798312 ], [ 12.150212859703426, 55.958168248727603 ], [ 12.150184567335561, 55.958194774074855 ], [ 12.150149053388471, 55.958236947101526 ], [ 12.150135405253453, 55.958278021319515 ], [ 12.150130910230791, 55.958295666969001 ], [ 12.150137313536723, 55.958319236960293 ], [ 12.15011774709442, 55.958356506949031 ], [ 12.150111971079335, 55.958368251917186 ], [ 12.150112292506941, 55.958374177145892 ], [ 12.150123801907704, 55.958381704070455 ], [ 12.150142602745683, 55.958390213166993 ], [ 12.150164046318412, 55.958413488280634 ], [ 12.150184784046509, 55.958433994524363 ], [ 12.150218053774449, 55.958452921539973 ], [ 12.15025693212309, 55.958513239220025 ], [ 12.150266442443886, 55.958547427909465 ], [ 12.150277111939401, 55.958593903349652 ], [ 12.15030553999455, 55.958638036533216 ], [ 12.150310436786466, 55.958708123766861 ], [ 12.150310564222787, 55.958749115265199 ], [ 12.150281510158322, 55.958809642612223 ], [ 12.150268823685298, 55.958858603507259 ], [ 12.150271409745976, 55.95887858522044 ], [ 12.150311914388979, 55.958929331797115 ], [ 12.150356625870112, 55.958998310491637 ], [ 12.150372587548677, 55.959070452051336 ], [ 12.150363440872681, 55.959117614275534 ], [ 12.150371923537325, 55.959141131056676 ], [ 12.150398375964494, 55.959162929473429 ], [ 12.150421302165471, 55.95918275038553 ], [ 12.150430663670214, 55.959203277952042 ], [ 12.150429820039525, 55.959228381855581 ], [ 12.150426169869398, 55.959278100478834 ], [ 12.150390881898558, 55.959325032519828 ], [ 12.150367943479335, 55.959340542921488 ], [ 12.150326988740158, 55.959347344373924 ], [ 12.150320391126096, 55.959358840666987 ], [ 12.150322537171339, 55.95939115004311 ], [ 12.150333402607734, 55.959408492612312 ], [ 12.15038744270764, 55.959428596311248 ], [ 12.150403646372933, 55.959454432772802 ], [ 12.150396033548457, 55.959475124923536 ], [ 12.150371271256972, 55.959493828514965 ], [ 12.150356829254751, 55.959503457786454 ], [ 12.150324852275377, 55.959510299246894 ], [ 12.150282574150109, 55.959516595134843 ], [ 12.150257286082796, 55.959526861480448 ], [ 12.150235384630006, 55.959533445148487 ], [ 12.150217433555312, 55.959551165345879 ], [ 12.150208207966429, 55.959603274113185 ], [ 12.150238499141265, 55.959652573896804 ], [ 12.15027085843861, 55.959687886143485 ], [ 12.150284999555756, 55.959694266919442 ], [ 12.150310393071384, 55.959697123385375 ], [ 12.150380246659481, 55.959696864546629 ], [ 12.150465870967633, 55.959707259967772 ], [ 12.150526229629719, 55.959730168675677 ], [ 12.150616799983906, 55.959775768453966 ], [ 12.150653833636749, 55.959809432692126 ], [ 12.15072105047221, 55.959893028663259 ], [ 12.150807146795248, 55.959976231416476 ], [ 12.150892796191586, 55.960046050332025 ], [ 12.150974155358716, 55.960136026852403 ], [ 12.151028087576524, 55.960255293624108 ], [ 12.151062193795212, 55.960343602442997 ], [ 12.151102568826065, 55.96041439998065 ], [ 12.15111797018794, 55.960477655619314 ], [ 12.151128243792128, 55.960556685215593 ], [ 12.15115011674704, 55.960624629883363 ], [ 12.151176179902606, 55.960726359917309 ], [ 12.151189896966921, 55.960796491110649 ], [ 12.151186310485905, 55.960886393783689 ], [ 12.151188555276148, 55.961028289688706 ], [ 12.151180354346005, 55.961173779232638 ], [ 12.151176612910703, 55.961305130129503 ], [ 12.151170175007916, 55.961438797547125 ], [ 12.15114990388312, 55.961528497869487 ], [ 12.151091705084482, 55.961741074207126 ], [ 12.151037626565886, 55.961899874305075 ], [ 12.150996695272386, 55.961995677110423 ], [ 12.150970703873188, 55.962091906717014 ], [ 12.150938100845652, 55.962177787104693 ], [ 12.150928332150606, 55.96226065587571 ], [ 12.150901388650961, 55.962358977539957 ], [ 12.150916190341309, 55.962458208847529 ], [ 12.150900728497803, 55.962589320197431 ], [ 12.150887908859, 55.962656354590003 ], [ 12.150893877560287, 55.962706096789631 ], [ 12.150865029403631, 55.962781003071868 ], [ 12.150869643147177, 55.962796347949464 ], [ 12.150878021991227, 55.962808719663194 ], [ 12.150881847751958, 55.962814375420464 ], [ 12.150924752417238, 55.96282559399495 ], [ 12.150989386320164, 55.962832031205195 ], [ 12.15102497684976, 55.962841998489623 ], [ 12.151079228211065, 55.962870547214862 ], [ 12.151134840050767, 55.962902027828648 ], [ 12.151222128083031, 55.962932787722643 ], [ 12.151264510548586, 55.962947435774318 ], [ 12.151316964578051, 55.96296964743852 ], [ 12.151365510151241, 55.962977305277285 ], [ 12.151427692931769, 55.962979220049512 ], [ 12.151521295822292, 55.962975296227242 ], [ 12.151599533147785, 55.962959808785193 ], [ 12.151634617934556, 55.962955674417167 ], [ 12.151655206855834, 55.962954608066816 ], [ 12.151668888400012, 55.962951381079073 ], [ 12.15168894939241, 55.9629359441087 ], [ 12.151715828930211, 55.962917635595858 ], [ 12.151739265144435, 55.962908225484128 ], [ 12.151803340281976, 55.962893999389642 ], [ 12.151885723749899, 55.962886137109521 ], [ 12.15193650413249, 55.962879892799123 ], [ 12.152014295861154, 55.962858932544918 ], [ 12.152130716876224, 55.962824217513571 ], [ 12.152289835727398, 55.962790297273308 ], [ 12.152364365127093, 55.962776522468687 ], [ 12.152388981042613, 55.962773734689925 ], [ 12.15240524213737, 55.962766755649234 ], [ 12.152421523168826, 55.962754112344669 ], [ 12.152440915441694, 55.962740310579655 ], [ 12.152518368180957, 55.962707311967428 ], [ 12.152621055828135, 55.962653529466785 ], [ 12.152678682738275, 55.962621128223176 ], [ 12.152705413580692, 55.962595091819949 ], [ 12.152750994271996, 55.962564347464244 ], [ 12.152798342891149, 55.962537603363216 ], [ 12.15284937942018, 55.962516788174803 ], [ 12.15298927771746, 55.962429868119941 ], [ 12.153064208642942, 55.9623816505758 ], [ 12.153129027300045, 55.962335220232092 ], [ 12.1531677128292, 55.962318227296365 ], [ 12.153199435336678, 55.962306267292576 ], [ 12.153217758636449, 55.962293122076034 ], [ 12.153239278653761, 55.962273961542913 ], [ 12.153313124167324, 55.96224195378435 ], [ 12.153405667950828, 55.962209287349459 ], [ 12.153532171384079, 55.962180336108496 ], [ 12.15362877816127, 55.962166085027306 ], [ 12.153755720048537, 55.962164182482908 ], [ 12.153828644611476, 55.962160247062194 ], [ 12.153926123950908, 55.962146872406137 ], [ 12.154113603985486, 55.962126697380093 ], [ 12.154223091726969, 55.96210923906493 ], [ 12.15429898401781, 55.962090573501492 ], [ 12.154458295604014, 55.962041362297711 ], [ 12.154577790780486, 55.961997216439613 ], [ 12.154685460574733, 55.961961374593216 ], [ 12.154739866331497, 55.96193471862162 ], [ 12.154811929819749, 55.961886753229862 ], [ 12.154920234000944, 55.961801629222073 ], [ 12.155040722208668, 55.961716552539883 ], [ 12.155113752641352, 55.961670629905441 ], [ 12.155182809546641, 55.961632990021663 ], [ 12.155249662930746, 55.96159387824337 ], [ 12.15529952870264, 55.961560685672737 ], [ 12.155343321576591, 55.96153951561574 ], [ 12.155442028020232, 55.961509746316814 ], [ 12.155516091852453, 55.961486362082042 ], [ 12.15555490942219, 55.961476916661958 ], [ 12.15560577743309, 55.961459970345906 ], [ 12.155661713037972, 55.96144424265561 ], [ 12.155709680179113, 55.961427100932703 ], [ 12.15577223967388, 55.961413990367362 ], [ 12.155793616726069, 55.961404901929875 ], [ 12.15583093059821, 55.961398641490057 ], [ 12.15586145653173, 55.961397589456375 ], [ 12.155905784008546, 55.961386923900861 ], [ 12.155960420459923, 55.961376893126648 ], [ 12.156035980969234, 55.961369922084664 ], [ 12.156096405133534, 55.961362080334894 ], [ 12.156135301141076, 55.961349665986155 ], [ 12.156176184652782, 55.961343943254043 ], [ 12.156254481120039, 55.961343015215462 ], [ 12.156354831596659, 55.961335408563286 ], [ 12.156428392317901, 55.961327499627266 ], [ 12.156508114848741, 55.961312600223323 ], [ 12.156549317273605, 55.961304891369757 ], [ 12.156633867491749, 55.961307938223065 ], [ 12.156740304924135, 55.961321931250062 ], [ 12.156865385351406, 55.961342458518047 ], [ 12.156940099162474, 55.961344768424439 ], [ 12.156972500386081, 55.961343128630773 ], [ 12.156997696293342, 55.961339605834716 ], [ 12.157049329035241, 55.961343855934949 ], [ 12.157120951121188, 55.961341660047985 ], [ 12.157184549835472, 55.961345243694105 ], [ 12.157298180956772, 55.961366873186911 ], [ 12.157396048839678, 55.961399604980571 ], [ 12.157443940991788, 55.961411053007538 ], [ 12.157576803180772, 55.961436594283434 ], [ 12.1577285691223, 55.961465965905532 ], [ 12.157898863320673, 55.96150439169287 ], [ 12.158044527601731, 55.961543448916181 ], [ 12.158274447600871, 55.961621249962938 ], [ 12.158436074960479, 55.961685069595802 ], [ 12.158544076071117, 55.961741813864407 ], [ 12.158594614215872, 55.96176604942962 ], [ 12.158628080625206, 55.96177157396324 ], [ 12.158652493523576, 55.961772206362269 ], [ 12.158690595223623, 55.961771678510928 ], [ 12.158738683270402, 55.961765860022808 ], [ 12.158841277780571, 55.961752350220785 ], [ 12.158916281109263, 55.961750336263101 ], [ 12.159053929268751, 55.961761818535905 ], [ 12.1592003511219, 55.961770828036038 ], [ 12.159298175303199, 55.961769576877565 ], [ 12.15937593844435, 55.961762097770126 ], [ 12.159414263880105, 55.961758417417236 ], [ 12.159494748167171, 55.961741069201999 ], [ 12.159643581211173, 55.961702998055522 ], [ 12.159784894736232, 55.961674918894367 ], [ 12.159865140316121, 55.961660543292375 ], [ 12.159980864609059, 55.961648853231907 ], [ 12.160106982611454, 55.96164669554544 ], [ 12.160253382242525, 55.961641679791846 ], [ 12.160357368276419, 55.961635414988692 ], [ 12.160430468685201, 55.961623829526083 ], [ 12.160465810439009, 55.961615011157335 ], [ 12.160529163962806, 55.961593966479931 ], [ 12.160590379697059, 55.961572257430738 ], [ 12.160663347108956, 55.96155707919695 ], [ 12.160723102596682, 55.961550870548969 ], [ 12.160795248276205, 55.961535443624584 ], [ 12.160893929483464, 55.961507378661636 ], [ 12.161009908553218, 55.961471317882982 ], [ 12.161105167095926, 55.961446487145864 ], [ 12.161196041736893, 55.961434714636482 ], [ 12.161355596815037, 55.961425943589255 ], [ 12.161417549373448, 55.9614230944361 ], [ 12.161495644118711, 55.961425584484012 ], [ 12.161606857347055, 55.961435225361114 ], [ 12.161668831859471, 55.961432645221073 ], [ 12.161768788258934, 55.961424145248301 ], [ 12.161879915871962, 55.961411132992176 ], [ 12.161956184795052, 55.961399105646329 ], [ 12.162079876698467, 55.961377050168984 ], [ 12.162170337384804, 55.961354319623958 ], [ 12.162298756556147, 55.961323422115576 ], [ 12.162488650972991, 55.961270088580186 ], [ 12.162667278549915, 55.961220100761274 ], [ 12.162783193859973, 55.961191142104319 ], [ 12.162838255501519, 55.961178490191941 ], [ 12.162920564537815, 55.961165857588753 ], [ 12.162986573678538, 55.961151845596184 ], [ 12.163108782015543, 55.961131265591106 ], [ 12.16320255724353, 55.961121664600668 ], [ 12.163281200889628, 55.961119104941808 ], [ 12.163398048006576, 55.961117271915491 ], [ 12.163763908802849, 55.961126661772738 ], [ 12.163952546784392, 55.961126669630353 ], [ 12.16409691702834, 55.961112531489121 ], [ 12.164192203358986, 55.961101812096942 ], [ 12.164327854920279, 55.961073153921411 ], [ 12.164441336643076, 55.961049740189829 ], [ 12.164583131249312, 55.961021732971453 ], [ 12.164735401920185, 55.96099444525656 ], [ 12.164936151153722, 55.960950448325299 ], [ 12.165074519175446, 55.960919741663574 ], [ 12.165285459345052, 55.960874942798576 ], [ 12.165343288534757, 55.960860870087132 ], [ 12.165383534259266, 55.960861094146345 ], [ 12.165415713448176, 55.960854782960787 ], [ 12.165459167222322, 55.960847193019532 ], [ 12.165498028225761, 55.960842238365011 ], [ 12.165537410936697, 55.960845631103275 ], [ 12.165584651022476, 55.960847113709157 ], [ 12.165605816082058, 55.960851154563457 ], [ 12.165640177679315, 55.960836246593296 ], [ 12.165699922515968, 55.960827968045592 ], [ 12.165731799073814, 55.960825800014668 ], [ 12.165796978241335, 55.96082322529 ], [ 12.16585937990407, 55.960820002730486 ], [ 12.165969794555823, 55.960800262470613 ], [ 12.166022461556148, 55.960785782752076 ], [ 12.166070387110297, 55.960758389236759 ], [ 12.166109360285851, 55.960715583064726 ], [ 12.166157501976404, 55.9606535719631 ], [ 12.166193316454935, 55.960627029210073 ], [ 12.166195883842139, 55.960607454617019 ], [ 12.166215876426909, 55.960587342068301 ], [ 12.16624905453067, 55.960554034589151 ], [ 12.166272911783526, 55.960508650296752 ], [ 12.166316637887281, 55.960474981668824 ], [ 12.166356601071058, 55.960456063695034 ], [ 12.166416686694285, 55.960426469419595 ], [ 12.166477941696227, 55.960395496523134 ], [ 12.166522451116744, 55.96035965004306 ], [ 12.166616427076439, 55.96029762879283 ], [ 12.16669529279614, 55.960240940630385 ], [ 12.166764332009466, 55.960187561773537 ], [ 12.166815769650658, 55.96014236706808 ], [ 12.166845052252341, 55.960122195288584 ], [ 12.166887317046987, 55.960100071393377 ], [ 12.166945856135918, 55.960084900829628 ], [ 12.167015785051648, 55.960077708214939 ], [ 12.167095276172345, 55.960063976524403 ], [ 12.167176086466316, 55.960044816771955 ], [ 12.167263602460157, 55.96000966184998 ], [ 12.167314020148229, 55.959993171681354 ], [ 12.167384236524825, 55.959981656196071 ], [ 12.167576923472399, 55.959948920083619 ], [ 12.167622723375372, 55.959940639695191 ], [ 12.167652493945221, 55.959922522892867 ], [ 12.167685342650602, 55.959908732062594 ], [ 12.167721910640287, 55.959901228537497 ], [ 12.167757549999406, 55.959886287079982 ], [ 12.167828310405506, 55.959873588623452 ], [ 12.167907224079419, 55.959866523953259 ], [ 12.16801667510846, 55.959866405086736 ], [ 12.168192226374634, 55.95986323689921 ], [ 12.168288796612147, 55.959854548970796 ], [ 12.168305049138272, 55.959851433747971 ], [ 12.168314190056751, 55.959835825416349 ], [ 12.168325572920507, 55.959814315809183 ], [ 12.168346734916467, 55.95977520361464 ], [ 12.168416688092828, 55.959693840943423 ], [ 12.16845141441002, 55.9596540200939 ], [ 12.168475385945346, 55.959590472309294 ], [ 12.168515884145473, 55.959511485723937 ], [ 12.168543728972782, 55.959485506927685 ], [ 12.168571095453999, 55.959461518263801 ], [ 12.168595388111619, 55.959448936264415 ], [ 12.168645380489409, 55.959439019275671 ], [ 12.168684656301876, 55.959427400212178 ], [ 12.168708555634057, 55.959404130047581 ], [ 12.168750410503714, 55.95935153946666 ], [ 12.168780895925739, 55.959308860903839 ], [ 12.168812321568357, 55.959240446341219 ], [ 12.168843125205884, 55.959195781740647 ], [ 12.16889916016645, 55.95914021903679 ], [ 12.168945304933622, 55.959118533956094 ], [ 12.16902486077012, 55.9590977870063 ], [ 12.169055437134002, 55.959089538259114 ], [ 12.169064289932658, 55.959068453294108 ], [ 12.169079084937756, 55.95905144075958 ], [ 12.169102732986481, 55.9590329417519 ], [ 12.169145157908803, 55.958995170079838 ], [ 12.169167050901281, 55.958963051217481 ], [ 12.169235618024492, 55.958917684261415 ], [ 12.1692684387851, 55.958897690509751 ], [ 12.169296297158692, 55.958862091729635 ], [ 12.169351406635652, 55.958805024298805 ], [ 12.169398308711086, 55.958757338039788 ], [ 12.169416981106963, 55.958734831573253 ], [ 12.169437885674839, 55.958674958563755 ], [ 12.169445247048674, 55.958633684138725 ], [ 12.169428539725459, 55.958611638833531 ], [ 12.169407435519958, 55.958600494869927 ], [ 12.169362901682792, 55.95857916580151 ], [ 12.169338333193911, 55.958553097460545 ], [ 12.169336880322906, 55.958535334378169 ], [ 12.169386871329792, 55.958525417103196 ], [ 12.169417314863978, 55.958505754198342 ], [ 12.169429701821972, 55.958486735865861 ], [ 12.169426815438536, 55.958467121752889 ], [ 12.169446620302111, 55.958442788101024 ], [ 12.169488661877821, 55.958427771218609 ], [ 12.169503264395447, 55.958416247566632 ], [ 12.169499064467891, 55.958380574913527 ], [ 12.169506142579138, 55.958339757280186 ], [ 12.169522868607327, 55.958291499188014 ], [ 12.169534062370479, 55.958261813288438 ], [ 12.169549857393523, 55.958241358693378 ], [ 12.169565451741738, 55.958234124769689 ], [ 12.169589765329297, 55.958221811722375 ], [ 12.169616142398272, 55.958179867986374 ], [ 12.169678732816607, 55.958116314712889 ], [ 12.169730209911849, 55.958073634916303 ], [ 12.169757349943286, 55.958041021253187 ], [ 12.169783588203369, 55.958026770688299 ], [ 12.169813570659233, 55.958013232842497 ], [ 12.169816373990836, 55.958000484574427 ], [ 12.169815405284151, 55.957988642523915 ], [ 12.169817734660963, 55.957974018526969 ], [ 12.169820665808693, 55.957966750955286 ], [ 12.16984062614557, 55.957956078246077 ], [ 12.169872793297909, 55.957947698425677 ], [ 12.169891402396853, 55.957938139311025 ], [ 12.169902546284472, 55.957919602432597 ], [ 12.169938776748053, 55.957892328589054 ], [ 12.170065825748509, 55.957795919841132 ], [ 12.170132887159602, 55.957743938394046 ], [ 12.170149088423647, 55.957732373496903 ], [ 12.170184483061325, 55.957724270101707 ], [ 12.170235520808193, 55.957725203587984 ], [ 12.170275296612472, 55.95772364007189 ], [ 12.170317774800976, 55.957719849328583 ], [ 12.170371351437939, 55.957704804832268 ], [ 12.170425445116864, 55.957672575822265 ], [ 12.170452383928962, 55.957653182686457 ], [ 12.170465045914929, 55.957633617746644 ], [ 12.170461213169112, 55.957622029246352 ], [ 12.170402011807264, 55.957546777752988 ], [ 12.1704045172797, 55.957506886899147 ], [ 12.1704235486324, 55.957498575446714 ], [ 12.170454257119419, 55.957493918984618 ], [ 12.170474572012154, 55.957481708712081 ], [ 12.170471726584889, 55.957468476563598 ], [ 12.170461656582866, 55.957447249407018 ], [ 12.170469097283393, 55.957434381713021 ], [ 12.170506567381913, 55.957422269115419 ], [ 12.170545873087638, 55.957414963918751 ], [ 12.170604363722903, 55.957364012000085 ], [ 12.170626015534619, 55.957332887968732 ], [ 12.170643516269822, 55.957319581412115 ], [ 12.170673065317258, 55.957310549577301 ], [ 12.170702004577333, 55.957311692302873 ], [ 12.170730708939161, 55.957309964223725 ], [ 12.17076836969224, 55.957300184071897 ], [ 12.170796015949808, 55.957293358841412 ], [ 12.170823194529598, 55.957292569046352 ], [ 12.170896008809656, 55.95730112249823 ], [ 12.170988758434127, 55.957331997485504 ], [ 12.171016357079349, 55.957338299046363 ], [ 12.171042656935127, 55.957338520749445 ], [ 12.171063035070043, 55.957332961456082 ], [ 12.171080459679576, 55.957324601376804 ], [ 12.171123367933518, 55.95728690641581 ], [ 12.171169004877598, 55.957225766778031 ], [ 12.17119156812301, 55.957207744781478 ], [ 12.171221082783486, 55.957192420593977 ], [ 12.171295669356645, 55.957181509442336 ], [ 12.171350480838202, 55.957175692551566 ], [ 12.171443934268606, 55.957160339705268 ], [ 12.171474810502454, 55.957147947134125 ], [ 12.17149067982881, 55.957140166462736 ], [ 12.171525336025409, 55.957136756567408 ], [ 12.171562362340968, 55.957142725269712 ], [ 12.171604931104502, 55.957143966221608 ], [ 12.171636927455339, 55.957141344019497 ], [ 12.171654647184573, 55.957138550146588 ], [ 12.171682161839582, 55.95712228844593 ], [ 12.171701470183352, 55.95709778738464 ], [ 12.171709758975501, 55.957073749976772 ], [ 12.171726679924195, 55.957063155238515 ], [ 12.171768382135779, 55.957053810077539 ], [ 12.171802501378489, 55.957034051861321 ], [ 12.171835665985062, 55.957002631031429 ], [ 12.171885326347796, 55.956982832054834 ], [ 12.17197959577951, 55.956961793976241 ], [ 12.171999101347938, 55.956947536555134 ], [ 12.171994407399032, 55.95692347397253 ], [ 12.172038929897699, 55.956905515418583 ], [ 12.172068596667861, 55.956907717895199 ], [ 12.1720892453754, 55.956913299243197 ], [ 12.172110931830295, 55.956908065671563 ], [ 12.172128713326572, 55.956892324319298 ], [ 12.172138287724163, 55.956876165090307 ], [ 12.172158221530388, 55.956861267299303 ], [ 12.172177363991658, 55.956856279058783 ], [ 12.172217102084002, 55.956854266365092 ], [ 12.172246204255378, 55.956859360192915 ], [ 12.172277661097551, 55.956863853939694 ], [ 12.172306778692754, 55.956861305726953 ], [ 12.172331131295158, 55.956845574848749 ], [ 12.172375092305547, 55.956834463151431 ], [ 12.172437353024039, 55.95682764472668 ], [ 12.172507498618533, 55.956827096021215 ], [ 12.17258238390523, 55.95683550520598 ], [ 12.172777038034486, 55.956866180452401 ], [ 12.172992118642332, 55.956905588873838 ], [ 12.173175326791903, 55.956947166838987 ], [ 12.173309681310911, 55.956973371821142 ], [ 12.173391552601858, 55.956998591868675 ], [ 12.173440055989174, 55.95703707827861 ], [ 12.173463696843593, 55.957081150049156 ], [ 12.17344634095911, 55.957176443505261 ], [ 12.173429101324887, 55.957263373116326 ], [ 12.17342783080022, 55.957298737170959 ], [ 12.17345319856609, 55.957330627727231 ], [ 12.173469514757889, 55.957343962143668 ], [ 12.173538961399787, 55.957366175970321 ], [ 12.17358807751822, 55.957373001189097 ], [ 12.17362841290737, 55.95738023251144 ], [ 12.173771540055155, 55.957419606234787 ], [ 12.17391073063852, 55.957487220457452 ], [ 12.174033395248047, 55.957550675553343 ], [ 12.174085966875488, 55.957568379493651 ], [ 12.174231597476368, 55.957593303910826 ], [ 12.17438964336174, 55.957609367434365 ], [ 12.174465264257423, 55.957609125982856 ], [ 12.174511079854161, 55.957606955871377 ], [ 12.174613203762162, 55.957582027310551 ], [ 12.174646210709065, 55.957595650459673 ], [ 12.174686351392618, 55.957612236226204 ], [ 12.174669849973355, 55.957627944952662 ], [ 12.17470400557384, 55.957649719515899 ], [ 12.174750660219722, 55.957683218613433 ], [ 12.174754345246495, 55.957698856378329 ], [ 12.174778218301155, 55.957724222401886 ], [ 12.174837503088181, 55.957753440144764 ], [ 12.17492081966504, 55.95779039905252 ], [ 12.175041628446314, 55.957856598077861 ], [ 12.175155906203251, 55.957950655097136 ], [ 12.175252027316457, 55.95803825781018 ], [ 12.175295322784351, 55.958069865502459 ], [ 12.175349433960816, 55.958108296488781 ], [ 12.175451289467954, 55.958162217876364 ], [ 12.175547156456002, 55.958225193885994 ], [ 12.175606278970777, 55.958258281229888 ], [ 12.175675502208398, 55.958318797737306 ], [ 12.175714013543049, 55.958364373525924 ], [ 12.175753870537953, 55.958395080830506 ], [ 12.175812578063173, 55.95842701006292 ], [ 12.175897711369858, 55.958499792228487 ], [ 12.17594672463089, 55.958534668489072 ], [ 12.175984947990335, 55.958598231951122 ], [ 12.176066023121438, 55.958644957310064 ], [ 12.176079184598107, 55.958656934345292 ], [ 12.176080443820137, 55.958666431436875 ], [ 12.176082068804513, 55.958670614898203 ], [ 12.176097713603751, 55.958671829583423 ], [ 12.176109919153125, 55.958672144061872 ], [ 12.176113564300213, 55.958675556201136 ], [ 12.176109803532853, 55.958696150777712 ], [ 12.176102178802804, 55.958704798204515 ], [ 12.176103540980447, 55.958715551262976 ], [ 12.176119728100927, 55.958721426841315 ], [ 12.176097315247508, 55.958743221747348 ], [ 12.176125652833479, 55.958752649683149 ], [ 12.176136786650211, 55.958741844002617 ], [ 12.176167138909385, 55.95875238868264 ], [ 12.176168806244833, 55.958762954065897 ], [ 12.176170363277311, 55.958772173769994 ], [ 12.176188682756843, 55.958780601483149 ], [ 12.176231786599208, 55.958792255647452 ], [ 12.176272486325185, 55.958821502629974 ], [ 12.176313568518408, 55.958855414618384 ], [ 12.176337237195412, 55.958862625503393 ], [ 12.176361859705402, 55.958856056829248 ], [ 12.176386186409154, 55.958859564763472 ], [ 12.176420917571246, 55.958880514913609 ], [ 12.176461680111029, 55.958914435101029 ], [ 12.176506252907247, 55.958926410884089 ], [ 12.176527076069393, 55.958930188976794 ], [ 12.176538855439189, 55.958940942997934 ], [ 12.176551090796389, 55.958957259155945 ], [ 12.176546173854373, 55.958969612624401 ], [ 12.17655477684049, 55.958980718292565 ], [ 12.176548601000377, 55.959007038991217 ], [ 12.176557371887338, 55.959049515998316 ], [ 12.176579107568111, 55.959087882671646 ], [ 12.176588122291726, 55.959096190765173 ], [ 12.176606587229958, 55.959104434863391 ], [ 12.176635202802961, 55.959115293941508 ], [ 12.176642701090996, 55.959126607906867 ], [ 12.176649291496615, 55.959146396047672 ], [ 12.176653732939624, 55.959161474841565 ], [ 12.176663352501205, 55.959171295653853 ], [ 12.17669522922888, 55.959186745470689 ], [ 12.1767353692372, 55.959222839274076 ], [ 12.176782035110792, 55.959264248701096 ], [ 12.176827221205304, 55.959301291109377 ], [ 12.17688797324004, 55.959332717600631 ], [ 12.177092896790487, 55.959420029021274 ], [ 12.177162584035525, 55.959429468636088 ], [ 12.177213513458003, 55.959421232087628 ], [ 12.1772939109609, 55.95940297526657 ], [ 12.177324795007618, 55.959406313817354 ], [ 12.177324027658909, 55.959432135393108 ], [ 12.177273390478938, 55.959486933503122 ], [ 12.177264129712054, 55.959540124536133 ], [ 12.177300781069588, 55.959561024903934 ], [ 12.177477335108216, 55.959597464193038 ], [ 12.177527201259856, 55.959609482828434 ], [ 12.177559308328256, 55.959621869829959 ], [ 12.177557741507762, 55.959647712039661 ], [ 12.177531678514983, 55.959675804617454 ], [ 12.177504012370923, 55.959699982885901 ], [ 12.177520215886281, 55.959729502001309 ], [ 12.177574723105398, 55.959766843025129 ], [ 12.177839011786629, 55.960007342043781 ], [ 12.178024077349392, 55.960165107977339 ], [ 12.178135200645325, 55.960238116922646 ], [ 12.178177104280582, 55.960246834656729 ], [ 12.178206689531995, 55.960251914650748 ], [ 12.178238460352587, 55.960283639023984 ], [ 12.178265849909529, 55.960332288089148 ], [ 12.178381375678255, 55.960415971392258 ], [ 12.178531269173437, 55.960510274867907 ], [ 12.178567022280525, 55.960518252222869 ], [ 12.178611598388555, 55.960516562134153 ], [ 12.178645758411847, 55.960509027598413 ], [ 12.178695739276394, 55.960510704124978 ], [ 12.17871688455482, 55.960530116440012 ], [ 12.178707605081364, 55.960555708264074 ], [ 12.178729224629965, 55.960598482773442 ], [ 12.178921277440505, 55.960743660628566 ], [ 12.178923810170025, 55.960760856367827 ], [ 12.178906587150726, 55.960781438982835 ], [ 12.178904525339529, 55.960812957803718 ], [ 12.178937933310442, 55.960845089252153 ], [ 12.179079738927785, 55.960932588565193 ], [ 12.179185957298804, 55.960975066767432 ], [ 12.179318724069031, 55.961052010982506 ], [ 12.179385967410141, 55.961113655474797 ], [ 12.179442419362291, 55.961186366777241 ], [ 12.179640399156312, 55.961405649354596 ], [ 12.179828478332137, 55.961574572642576 ], [ 12.179986685704872, 55.961721252257398 ], [ 12.180130851213116, 55.96183548019836 ], [ 12.180178089370068, 55.96185448811115 ], [ 12.180283357376535, 55.961881436959452 ], [ 12.180383238348195, 55.961901332717105 ], [ 12.180519696122726, 55.961915788571801 ], [ 12.180606109136649, 55.961931716730994 ], [ 12.180695588275011, 55.961959612464362 ], [ 12.180740043770939, 55.961979860766981 ], [ 12.180910317707395, 55.962099706555726 ], [ 12.181027706412625, 55.962188373885688 ], [ 12.181104321274011, 55.962252832061331 ], [ 12.181122960294559, 55.962278781661034 ], [ 12.181135428121634, 55.962305699799842 ], [ 12.181132032889483, 55.96234633320109 ], [ 12.181129034317912, 55.962383989596972 ], [ 12.181145071342748, 55.9624172884551 ], [ 12.18117064456673, 55.962441800286427 ], [ 12.181249007744293, 55.962488502569165 ], [ 12.181289793097788, 55.962522600469811 ], [ 12.181318049725075, 55.962554414890455 ], [ 12.181324775755916, 55.962575817542493 ], [ 12.18130243328048, 55.96260821998569 ], [ 12.181263981405952, 55.962655243084818 ], [ 12.181221853744885, 55.962671165225196 ], [ 12.181201918451871, 55.962684086681897 ], [ 12.181173515024577, 55.962718803320925 ], [ 12.181176439326377, 55.962740753702562 ], [ 12.181193656052104, 55.962768897679624 ], [ 12.181213977927905, 55.962797770550857 ], [ 12.181257136727043, 55.962868576964219 ], [ 12.181335332768652, 55.962934702299371 ], [ 12.181367158994066, 55.962972897416584 ], [ 12.181406764142698, 55.962990663657472 ], [ 12.181452468905755, 55.96299487693414 ], [ 12.181486138319451, 55.963002817412104 ], [ 12.181515390757706, 55.963027234120702 ], [ 12.181524376101653, 55.963046870256832 ], [ 12.181537739244176, 55.963154946513001 ], [ 12.181563418306027, 55.963229530814139 ], [ 12.181555571536723, 55.963274504624714 ], [ 12.181512090123475, 55.963350066694218 ], [ 12.181524009375682, 55.963380055631873 ], [ 12.181583194607297, 55.963425455186119 ], [ 12.181660131921905, 55.963448909522114 ], [ 12.181680408165038, 55.963475266253859 ], [ 12.181660653387128, 55.963527470183017 ], [ 12.181606041504876, 55.96356313378373 ], [ 12.181536933783002, 55.963599891097523 ], [ 12.18141122308054, 55.963687107208045 ], [ 12.181290845571938, 55.963765105324711 ], [ 12.181270164876567, 55.963788474642278 ], [ 12.181269243351275, 55.963810434473807 ], [ 12.181281401740002, 55.963866758464484 ], [ 12.181339992067871, 55.963926377983732 ], [ 12.181429067121508, 55.963959048481392 ], [ 12.181509079276019, 55.963994560219191 ], [ 12.181654327799791, 55.964096442006813 ], [ 12.181752363320756, 55.964251866359284 ], [ 12.181780688410919, 55.964344991915787 ], [ 12.181787510746339, 55.964447573338376 ], [ 12.181809532990833, 55.964501035269144 ], [ 12.181870185729986, 55.964570130852493 ], [ 12.181956657087486, 55.964666698514833 ], [ 12.182062795730701, 55.96472365064642 ], [ 12.182277814627701, 55.964824088435137 ], [ 12.182367412523563, 55.964886502262928 ], [ 12.182369993265961, 55.964925722639919 ], [ 12.182380325168907, 55.964965641721221 ], [ 12.182397365827413, 55.965141858303596 ], [ 12.182406091194062, 55.965287093864262 ], [ 12.182384006661733, 55.96533630144782 ], [ 12.182352737297247, 55.965377115818164 ], [ 12.182325094287256, 55.965423050767697 ], [ 12.182326021780234, 55.965459706716075 ], [ 12.18234704254901, 55.965487302737394 ], [ 12.182417709939676, 55.96554364292939 ], [ 12.182471872478649, 55.965678084748873 ], [ 12.182539923188619, 55.965800120786589 ], [ 12.182607580316878, 55.965868585512816 ], [ 12.182643398068857, 55.965896787985599 ], [ 12.18265130486542, 55.965913035658311 ], [ 12.18264734504929, 55.965935074029382 ], [ 12.182664741236973, 55.965965370829537 ], [ 12.182705466772051, 55.965986973517218 ], [ 12.182734974403902, 55.966002752805096 ], [ 12.182744163830272, 55.96601510154634 ], [ 12.18273060401631, 55.966041253813522 ], [ 12.182761800376046, 55.966071733339113 ], [ 12.182864554137346, 55.966101082580785 ], [ 12.182912751214815, 55.966119974839827 ], [ 12.182913363791915, 55.96614108592243 ], [ 12.182908352999782, 55.966165938422428 ], [ 12.182912579703022, 55.966232985796587 ], [ 12.182976784302168, 55.966333544603351 ], [ 12.183068305991403, 55.966460277918486 ], [ 12.183153313740227, 55.966593562575163 ], [ 12.183266579448901, 55.966664983518761 ], [ 12.183359460565287, 55.966732166519471 ], [ 12.18337674579686, 55.966772804801828 ], [ 12.183404728488327, 55.966789522378129 ], [ 12.183413717020594, 55.966797471079957 ], [ 12.183408660650253, 55.966813963914625 ], [ 12.183401455624359, 55.966833568953575 ], [ 12.183414457437102, 55.966866946014619 ], [ 12.183507416818165, 55.966899964212566 ], [ 12.183630571808495, 55.96697076958047 ], [ 12.183647662262912, 55.967018784810989 ], [ 12.183582348831427, 55.967090057293653 ], [ 12.183543997479008, 55.967150024315458 ], [ 12.183514854331214, 55.96725767092596 ], [ 12.183505708410088, 55.967316073810409 ], [ 12.183493737020632, 55.96733229590042 ], [ 12.183476402089635, 55.967337868429418 ], [ 12.183462859334981, 55.967366177975428 ], [ 12.183464836870211, 55.96739804198431 ], [ 12.18345659868409, 55.967481144384621 ], [ 12.183460110711209, 55.967500472378738 ], [ 12.183488515494517, 55.967510616201544 ], [ 12.183533676703078, 55.967517899492961 ], [ 12.183598234144922, 55.967529086525396 ], [ 12.183611979631243, 55.967538350666679 ], [ 12.183612684596762, 55.967550828788973 ], [ 12.183600128446141, 55.967557985926298 ], [ 12.183555979546396, 55.967564970871017 ], [ 12.18351614373522, 55.967579575853371 ], [ 12.183510110578089, 55.967593936298542 ], [ 12.183523594262036, 55.967635122347446 ], [ 12.183536531361607, 55.96765600472412 ], [ 12.18354865292962, 55.967663063309026 ], [ 12.183574999904971, 55.967679373631881 ], [ 12.18360109907802, 55.967688767918801 ], [ 12.183603746274008, 55.967695621920342 ], [ 12.183576923693234, 55.967708631877322 ], [ 12.183550945124338, 55.967722159419843 ], [ 12.183520171663483, 55.967745610204034 ], [ 12.183525075640981, 55.967774072193642 ], [ 12.183627287148592, 55.967884526283733 ], [ 12.183697647863982, 55.967921454957384 ], [ 12.183752133718627, 55.967931014358165 ], [ 12.183778695971721, 55.967938238995373 ], [ 12.183805344455672, 55.967944562379806 ], [ 12.183830644068198, 55.967953977292524 ], [ 12.183850265702558, 55.96797037153349 ], [ 12.18386458655935, 55.968011985414961 ], [ 12.183912305532127, 55.96806792921403 ], [ 12.183998112651619, 55.968119202258805 ], [ 12.184272792282133, 55.968319143930131 ], [ 12.184286110492843, 55.968379752972737 ], [ 12.184355812351324, 55.968543190148068 ], [ 12.184418226933508, 55.968748620058896 ], [ 12.184484677229932, 55.96896608232634 ], [ 12.18446065031547, 55.969032601640976 ], [ 12.184429902646384, 55.969066120975796 ], [ 12.184287681294224, 55.969114479667844 ], [ 12.184219802439364, 55.969144823560661 ], [ 12.184151222858434, 55.969166644863286 ], [ 12.184083490612908, 55.96917927423722 ], [ 12.184036671663126, 55.969192801291172 ], [ 12.18403159825665, 55.969207136944156 ], [ 12.184054490848093, 55.969228211384149 ], [ 12.184083220494735, 55.96925398959737 ], [ 12.184089077530153, 55.969282337024779 ], [ 12.184072532144121, 55.96931117377126 ], [ 12.184048039580958, 55.969346688917248 ], [ 12.184013108902372, 55.969366381514959 ], [ 12.183978903083464, 55.969371491274465 ], [ 12.183934880948309, 55.96937029198709 ], [ 12.183890694307081, 55.969365141259281 ], [ 12.18385101392251, 55.969358255782076 ], [ 12.183820145798983, 55.969357165886393 ], [ 12.183799074101232, 55.969364093679253 ], [ 12.183792008956944, 55.969385403248722 ], [ 12.183844580754313, 55.969512064219685 ], [ 12.183900070750914, 55.969570863793223 ], [ 12.183929284387826, 55.969581076524776 ], [ 12.183955097333174, 55.969586971984981 ], [ 12.183976234402861, 55.969592538822646 ], [ 12.183993819910309, 55.969601703649538 ], [ 12.183996264840047, 55.969615844916788 ], [ 12.183976856887778, 55.969646913298831 ], [ 12.183950738876579, 55.969691910130216 ], [ 12.183942269839237, 55.969725392742674 ], [ 12.183992436068701, 55.969795477739069 ], [ 12.184092970481586, 55.969858147129401 ], [ 12.184210583051726, 55.969912103905244 ], [ 12.184306499072084, 55.969941988492913 ], [ 12.184369370310243, 55.969950162117122 ], [ 12.184411458276267, 55.969957075083769 ], [ 12.18446356843255, 55.969953300274796 ], [ 12.184522766924896, 55.969942150006496 ], [ 12.184555429285599, 55.969947508621345 ], [ 12.18457692069112, 55.96995738148253 ], [ 12.184584098705672, 55.970095374908304 ], [ 12.184503437519462, 55.970290030318438 ], [ 12.18449830605296, 55.97038554879655 ], [ 12.184504688679965, 55.970433930712815 ], [ 12.184506449725816, 55.970447550245346 ], [ 12.184545071544886, 55.970505886718087 ], [ 12.184589782395371, 55.970529093931958 ], [ 12.184627595666944, 55.970542500399127 ], [ 12.184700063277541, 55.970622526942627 ], [ 12.184717660942722, 55.970709816008394 ], [ 12.184670032150308, 55.97080319700099 ], [ 12.184613101493431, 55.970814648284204 ], [ 12.184568968022038, 55.970831612238293 ], [ 12.184545342155225, 55.970856226943674 ], [ 12.184510687001863, 55.970863685897825 ], [ 12.184273944589336, 55.970869987204551 ], [ 12.18420702733267, 55.970873065943181 ], [ 12.184161506009826, 55.970884851329259 ], [ 12.184136720373175, 55.970912912205058 ], [ 12.184111739621844, 55.970948350064262 ], [ 12.184084095305607, 55.970963089477017 ], [ 12.184017092336299, 55.970986578024593 ], [ 12.183961981216301, 55.9710377185325 ], [ 12.183914690372864, 55.97107283412565 ], [ 12.183867351200817, 55.971097612247434 ], [ 12.183873585076839, 55.971124691313968 ], [ 12.183849185450724, 55.971178903555433 ], [ 12.183838957508975, 55.971226096687417 ], [ 12.183823138465652, 55.971293032942569 ], [ 12.183803349516303, 55.971335079140246 ], [ 12.183789821060643, 55.971408429097551 ], [ 12.183762194451029, 55.971464342971501 ], [ 12.183742029817957, 55.971495970266396 ], [ 12.183706074792681, 55.971550031688651 ], [ 12.183684093625407, 55.971582964556745 ], [ 12.18366816252599, 55.971609537799758 ], [ 12.18363062070533, 55.971630646279216 ], [ 12.183597008392169, 55.971660553438873 ], [ 12.183607192779485, 55.97168303530642 ], [ 12.183596160137471, 55.971700941245821 ], [ 12.183557973176162, 55.971723954314683 ], [ 12.183532364586625, 55.971751766620599 ], [ 12.183499233229879, 55.971769974092837 ], [ 12.183408854939911, 55.971817261169242 ], [ 12.183353814238401, 55.971836124832258 ], [ 12.18333360736254, 55.971843839284524 ], [ 12.183335550176585, 55.971857723833544 ], [ 12.183341420258516, 55.97187842930218 ], [ 12.183302976503946, 55.971906123814122 ], [ 12.183258454267479, 55.971972992774752 ], [ 12.183273107948214, 55.972018643692863 ], [ 12.183321103702481, 55.972058398289093 ], [ 12.183406378536692, 55.972101144931472 ], [ 12.183516048239985, 55.972148115614495 ], [ 12.183542116779746, 55.972198056422762 ], [ 12.183522934052036, 55.972249436669159 ], [ 12.183510196120841, 55.972334363464043 ], [ 12.183489178296563, 55.972351718385404 ], [ 12.183445061424329, 55.972353308278045 ], [ 12.183428010632882, 55.972374066811781 ], [ 12.18339034873218, 55.972405427103986 ], [ 12.183362299174036, 55.97242305366359 ], [ 12.183346570124305, 55.972442339592561 ], [ 12.183339690830897, 55.972467869694114 ], [ 12.183322568809729, 55.972509217546062 ], [ 12.183287089929097, 55.972516427716556 ], [ 12.183278454974168, 55.972526450196483 ], [ 12.183285526733036, 55.972542269914122 ], [ 12.18331683056663, 55.972566183753088 ], [ 12.183412256462702, 55.972632941485458 ], [ 12.183427558502556, 55.972672821918579 ], [ 12.183405831926677, 55.972687408188982 ], [ 12.183389058535571, 55.972690089298425 ], [ 12.183377888902282, 55.972696581233585 ], [ 12.183389292659301, 55.97271049093672 ], [ 12.183417061381235, 55.972720651264709 ], [ 12.183434892167512, 55.972726932991229 ], [ 12.183438287377784, 55.972738981961349 ], [ 12.183423350764656, 55.972758157512928 ], [ 12.183392058167392, 55.972788993554104 ], [ 12.18334013844146, 55.97281658688528 ], [ 12.183274509784429, 55.972843186008866 ], [ 12.183243284307952, 55.972843633495785 ], [ 12.183203932575971, 55.972860293517506 ], [ 12.183172132881367, 55.972867408554386 ], [ 12.183062021827016, 55.972856050028497 ], [ 12.183021834579758, 55.972860594855049 ], [ 12.182822886774542, 55.972925071689822 ], [ 12.182708384096721, 55.972959766107856 ], [ 12.182655332023403, 55.973002851493312 ], [ 12.182578455300474, 55.973083771823987 ], [ 12.182556057274937, 55.973129211565855 ], [ 12.182467525860853, 55.973193171869802 ], [ 12.182370874743887, 55.973292942983051 ], [ 12.182288175435618, 55.97339666879008 ], [ 12.182232483537009, 55.97346031976835 ], [ 12.182191572956393, 55.973475581302104 ], [ 12.182105398312547, 55.973501901531137 ], [ 12.182050051554585, 55.97352293011248 ], [ 12.182014901567847, 55.973545864192559 ], [ 12.181997870793431, 55.973572735303094 ], [ 12.182010433247855, 55.973589042537249 ], [ 12.182050999807306, 55.973624224789418 ], [ 12.182029728385977, 55.973650216551896 ], [ 12.18201706489886, 55.973687313517985 ], [ 12.182000106139148, 55.973726768999654 ], [ 12.181981068671098, 55.973740925916481 ], [ 12.181985160251235, 55.973751698305115 ], [ 12.181990503577778, 55.973769900190668 ], [ 12.18196524554333, 55.973807861959578 ], [ 12.1818753076265, 55.973844977540459 ], [ 12.181863532151205, 55.973849956653233 ], [ 12.181804186496151, 55.973878909871893 ], [ 12.181732918687127, 55.97390520430929 ], [ 12.181692772248084, 55.973941482912004 ], [ 12.18165576256982, 55.973953496922434 ], [ 12.181628468101803, 55.973978385583408 ], [ 12.181584946274715, 55.973987241442863 ], [ 12.181516647170044, 55.974008694271383 ], [ 12.181406977405668, 55.974037868467036 ], [ 12.181310826031671, 55.974059860845529 ], [ 12.181260379258093, 55.974060534613734 ], [ 12.181234391393685, 55.974070106154308 ], [ 12.181189059152352, 55.974086200765136 ], [ 12.181115095754572, 55.974095303346907 ], [ 12.181060461020985, 55.974103547039931 ], [ 12.181044354337656, 55.974118257416087 ], [ 12.181009277875333, 55.974136244702905 ], [ 12.180964748492373, 55.97414845272209 ], [ 12.180931999033755, 55.974159637261984 ], [ 12.180915757510226, 55.974170755037946 ], [ 12.180898367589155, 55.974175699260051 ], [ 12.180887781371794, 55.974191255951723 ], [ 12.180892721097145, 55.974206501548139 ], [ 12.18090997446582, 55.974223317046359 ], [ 12.180899323066576, 55.974245887748765 ], [ 12.18088116805389, 55.974262988447109 ], [ 12.180838389965917, 55.974280904889966 ], [ 12.180775917729433, 55.974291328706919 ], [ 12.180728210380407, 55.974290223371966 ], [ 12.180664614981927, 55.974290876862909 ], [ 12.180561003227671, 55.974321601961833 ], [ 12.180455895638849, 55.97433411557347 ], [ 12.18040913867609, 55.974344582878416 ], [ 12.180370648304343, 55.974373716031998 ], [ 12.180326852064445, 55.974385095766813 ], [ 12.180259413651212, 55.974389714052379 ], [ 12.180221633787047, 55.974382598466264 ], [ 12.180192385692436, 55.974397378356393 ], [ 12.18017132425604, 55.974410328618248 ], [ 12.180154326777803, 55.974408340175899 ], [ 12.180107621325067, 55.974405770302653 ], [ 12.180067913031291, 55.97441812320757 ], [ 12.180014060719452, 55.974424188585246 ], [ 12.179972977838883, 55.974429564627115 ], [ 12.17996034723315, 55.97443780208809 ], [ 12.179928271932903, 55.974447440619308 ], [ 12.179896207004854, 55.974466968048588 ], [ 12.179779423904455, 55.974546219795869 ], [ 12.179727299192978, 55.974577233080161 ], [ 12.179664569247697, 55.974592337857125 ], [ 12.179610737835162, 55.974590850781958 ], [ 12.179587504342226, 55.974571492448334 ], [ 12.179580124318676, 55.974551904630076 ], [ 12.179560375502312, 55.974547649694841 ], [ 12.179538527694305, 55.97455297851171 ], [ 12.179527606123226, 55.974568363931034 ], [ 12.179499542956137, 55.974576100737401 ], [ 12.17947347653266, 55.974580819237751 ], [ 12.179442588896769, 55.974606878965588 ], [ 12.179371612727749, 55.97463676052562 ], [ 12.179336667970118, 55.974642697107228 ], [ 12.17930290857502, 55.974641590757251 ], [ 12.179273699208373, 55.974645131725659 ], [ 12.179245768505236, 55.974654483281263 ], [ 12.179213348729382, 55.974661882974083 ], [ 12.179177673912832, 55.974686268175311 ], [ 12.179148240613129, 55.974712470086708 ], [ 12.179139245268386, 55.974720074212442 ], [ 12.179120536101969, 55.97472262488801 ], [ 12.179081389391055, 55.974730108285002 ], [ 12.17897765403481, 55.97476326254737 ], [ 12.178912367731586, 55.974782388584465 ], [ 12.178760334997181, 55.974807259699212 ], [ 12.178629142019819, 55.974822332915402 ], [ 12.17857717395213, 55.974829877348782 ], [ 12.178548963803571, 55.974843641129226 ], [ 12.178519345871084, 55.974846113641291 ], [ 12.178423504047078, 55.974875827253371 ], [ 12.178367503335696, 55.974886981827488 ], [ 12.178321195001393, 55.974889255704163 ], [ 12.178281279463933, 55.974899096122265 ], [ 12.178233599311792, 55.974925678779258 ], [ 12.178194412626141, 55.974944400610873 ], [ 12.178107522550636, 55.974952306601281 ], [ 12.177955364621109, 55.974940500115679 ], [ 12.177825994865858, 55.974925048806156 ], [ 12.177764090907813, 55.974909205162845 ], [ 12.17769876980651, 55.97488688684561 ], [ 12.177617776269777, 55.974878727785338 ], [ 12.177562889351455, 55.974883919753978 ], [ 12.177506298544955, 55.974872254175068 ], [ 12.177452957571177, 55.974866977635372 ], [ 12.177358064600384, 55.974878955330233 ], [ 12.177313071394536, 55.974887488003276 ], [ 12.177273831513199, 55.974882117307459 ], [ 12.177248937984825, 55.9748894122149 ], [ 12.177225277844252, 55.97488633662703 ], [ 12.177203613521275, 55.974893907825823 ], [ 12.177177375757248, 55.97490240611549 ], [ 12.177119755757953, 55.974901644990645 ], [ 12.17700446883202, 55.974919093084445 ], [ 12.176978039647592, 55.974925258829884 ], [ 12.17693897360267, 55.974941549801109 ], [ 12.176895272933248, 55.974948250948231 ], [ 12.176834927944435, 55.974957269339463 ], [ 12.176817001804251, 55.974957641827885 ], [ 12.176769555424981, 55.974971451862295 ], [ 12.176713356980743, 55.974974339839214 ], [ 12.176676664407468, 55.974978522707481 ], [ 12.17663102198787, 55.97499282556678 ], [ 12.176527535603368, 55.975023184356061 ], [ 12.176444505642849, 55.975052745760934 ], [ 12.176366054016894, 55.975063849132184 ], [ 12.176316538626287, 55.975081757914076 ], [ 12.176283001767908, 55.975093141295446 ], [ 12.176262789656613, 55.975091055415746 ], [ 12.176165932101974, 55.97511818628869 ], [ 12.176107727469081, 55.975137667590246 ], [ 12.176045870554599, 55.97515562482144 ], [ 12.176010972694565, 55.975166054307735 ], [ 12.175983925608401, 55.975188148325884 ], [ 12.175903318529592, 55.975212072985045 ], [ 12.175839398241315, 55.975240062377082 ], [ 12.175816181550191, 55.975259989852091 ], [ 12.175752365647575, 55.975267748680501 ], [ 12.175707351203084, 55.975262346578944 ], [ 12.175629182034079, 55.975265171255693 ], [ 12.175551334763172, 55.975277786839442 ], [ 12.175518913661474, 55.975277364150458 ], [ 12.175490626598986, 55.975280430921664 ], [ 12.175449694869293, 55.975301354481921 ], [ 12.175352328584335, 55.975314473191965 ], [ 12.175318215604472, 55.975316881014045 ], [ 12.175280202147214, 55.97531669234386 ], [ 12.175243751829168, 55.975323835279312 ], [ 12.175213524585478, 55.975320838709251 ], [ 12.175179312286581, 55.975318124672015 ], [ 12.17515679770386, 55.975327065942643 ], [ 12.175091591225076, 55.975356976023996 ], [ 12.175058945698416, 55.975357727717082 ], [ 12.175045929382645, 55.975367143315694 ], [ 12.17501691211806, 55.97537499357594 ], [ 12.174944976634601, 55.975403009313005 ], [ 12.174924718520192, 55.97539058573556 ], [ 12.174826768801141, 55.975410281867063 ], [ 12.174762214610841, 55.975454019770474 ], [ 12.174727384135151, 55.975467234090402 ], [ 12.174637683978499, 55.97547413122205 ], [ 12.174567408591745, 55.975504800982755 ], [ 12.174535224187784, 55.975524869450396 ], [ 12.174489628044714, 55.975543665371504 ], [ 12.174460375340121, 55.975540823298999 ], [ 12.174429448723577, 55.975560589614396 ], [ 12.174371200366405, 55.975573688199937 ], [ 12.174339359984563, 55.975580352439515 ], [ 12.174315986608587, 55.975572953631968 ], [ 12.174291356981151, 55.975575656153786 ], [ 12.174280453303387, 55.975589332484667 ], [ 12.174228535795949, 55.975630766575222 ], [ 12.174173598189576, 55.975686213192176 ], [ 12.174111220730417, 55.975709576923542 ], [ 12.174050645000586, 55.975747098607698 ], [ 12.173984859841026, 55.975766055024209 ], [ 12.173954201561436, 55.975777363568866 ], [ 12.173917509930185, 55.975775701985299 ], [ 12.17389392833765, 55.975779456233766 ], [ 12.173881210775054, 55.975806214969545 ], [ 12.173805775864009, 55.975834589900423 ], [ 12.173746793084293, 55.975848516219102 ], [ 12.17372267351767, 55.9758770071737 ], [ 12.173701419686401, 55.97588960163656 ], [ 12.173685433283636, 55.975888215552281 ], [ 12.173661888361462, 55.97589241831686 ], [ 12.173660503107643, 55.975904860400995 ], [ 12.173638180135764, 55.975933754549537 ], [ 12.173612023501288, 55.975945216711636 ], [ 12.173573958742901, 55.97596984160441 ], [ 12.173567818547895, 55.976008387703295 ], [ 12.173499962633905, 55.976054907024754 ], [ 12.173448503697605, 55.976090215655262 ], [ 12.173437961583586, 55.976110265584779 ], [ 12.173446482609672, 55.976132071863098 ], [ 12.173473712152415, 55.976149350528949 ], [ 12.173473810556281, 55.976170115207459 ], [ 12.173437696936386, 55.976189205796373 ], [ 12.173406923675286, 55.976210855815843 ], [ 12.173381994565286, 55.976237299823239 ], [ 12.173360087853661, 55.976243887653418 ], [ 12.173354886780421, 55.976250854164505 ], [ 12.17334016862125, 55.976261032631321 ], [ 12.17331292947391, 55.97629059278831 ], [ 12.173309151522012, 55.976303186415599 ], [ 12.173298234714036, 55.976310839598248 ], [ 12.173283938066525, 55.976312466569084 ], [ 12.17324905213284, 55.976305454076346 ], [ 12.173234784891635, 55.976307439889233 ], [ 12.173232375482639, 55.976313255652727 ], [ 12.173234386740557, 55.976326059726837 ], [ 12.17322934833488, 55.976352620535266 ], [ 12.173215139106563, 55.97637096689644 ], [ 12.173203876735922, 55.976374403609952 ], [ 12.173190028506259, 55.976381502998578 ], [ 12.173192201884531, 55.976388459308623 ], [ 12.17320006894122, 55.97639445981391 ], [ 12.173201151759068, 55.976401803826583 ], [ 12.173193999543308, 55.976406483164524 ], [ 12.173157450492296, 55.976410481457926 ], [ 12.173142563137453, 55.976418596527481 ], [ 12.173139241315479, 55.976428930863179 ], [ 12.173149177088657, 55.976438653930543 ], [ 12.173137266545927, 55.976457660269652 ], [ 12.173096305530379, 55.976497822651048 ], [ 12.173062635050069, 55.976525211003874 ], [ 12.173027176013303, 55.976536642986048 ], [ 12.17303585171398, 55.976552511816479 ], [ 12.17300745670315, 55.976591451416283 ], [ 12.173011175977518, 55.976611403597182 ], [ 12.173031513729372, 55.976648278601139 ], [ 12.173049022571371, 55.976660413712864 ], [ 12.173051519400314, 55.976671317351041 ], [ 12.173025739170175, 55.976681511062118 ], [ 12.173015401648172, 55.976686452252991 ], [ 12.172951761788633, 55.976715961175039 ], [ 12.172931888861426, 55.976719979292021 ], [ 12.172909590471205, 55.976719834526961 ], [ 12.172888495098929, 55.976714804094236 ], [ 12.172861962017823, 55.97670407015373 ], [ 12.172841771278371, 55.976702252856704 ], [ 12.17281295665896, 55.976710636763343 ], [ 12.172807850986974, 55.976718769508388 ], [ 12.172787411561744, 55.976723701208584 ], [ 12.172712777967854, 55.976748189030538 ], [ 12.172699620957429, 55.976755899863988 ], [ 12.172705712854743, 55.976769587741479 ], [ 12.172708600890532, 55.976787223907344 ], [ 12.172624796201552, 55.976862202760948 ], [ 12.172607639884722, 55.976887637262386 ], [ 12.172569991863806, 55.976899754801401 ], [ 12.172511497763866, 55.976917713468872 ], [ 12.172489959726953, 55.976930764534721 ], [ 12.17248610795084, 55.976942461019561 ], [ 12.172478519120986, 55.976955512382048 ], [ 12.172467949660181, 55.976961538314875 ], [ 12.172431959147033, 55.976964533082828 ], [ 12.172412327431946, 55.976961712400104 ], [ 12.172393493458223, 55.976964714752121 ], [ 12.172386554187955, 55.976971995693255 ], [ 12.172392136617965, 55.976985337102093 ], [ 12.172398980938462, 55.976994510547186 ], [ 12.172404548676415, 55.977007672531322 ], [ 12.172399761177953, 55.977013819233122 ], [ 12.172385809674839, 55.977019662567102 ], [ 12.172355152191722, 55.977025127085334 ], [ 12.172345759782544, 55.977029864071319 ], [ 12.172339962530069, 55.977037385298502 ], [ 12.172343925179208, 55.977044655140553 ], [ 12.172346901834358, 55.977055546431252 ], [ 12.17233574943354, 55.977060328748358 ], [ 12.172314533518808, 55.97706752789918 ], [ 12.172297939465292, 55.977070472542749 ], [ 12.172293556175072, 55.977081553401163 ], [ 12.172299343811854, 55.977105228179234 ], [ 12.172299727121489, 55.977119692417645 ], [ 12.172270233060065, 55.9771334877695 ], [ 12.172252929402687, 55.977157127984498 ], [ 12.172217600598529, 55.977211259488115 ], [ 12.172163377671129, 55.977257876390667 ], [ 12.172070548332327, 55.977310791743662 ], [ 12.172009424307289, 55.977341673778227 ], [ 12.171990931950676, 55.977370379038888 ], [ 12.171971225074797, 55.977407746099367 ], [ 12.171979102212587, 55.977494118182634 ], [ 12.171959155698403, 55.977514859671409 ], [ 12.171908395587998, 55.977554824475071 ], [ 12.17189002604357, 55.977608519114092 ], [ 12.171882836626601, 55.97772431732507 ], [ 12.171863642512264, 55.977740544354383 ], [ 12.17183180426391, 55.977760962754807 ], [ 12.171810727843178, 55.977787486996249 ], [ 12.171815693915173, 55.977803091833735 ], [ 12.171803235509465, 55.977829124434948 ], [ 12.17172018316073, 55.977878101761661 ], [ 12.171702643399211, 55.977881250475185 ], [ 12.171665574379144, 55.977882834358425 ], [ 12.171642792252605, 55.977896366806114 ], [ 12.171641284704281, 55.977911239338397 ], [ 12.171643146908544, 55.977920271414391 ], [ 12.171637069454469, 55.977932204982174 ], [ 12.171617154996609, 55.977939640193725 ], [ 12.17158545844172, 55.977955919418257 ], [ 12.171563438090546, 55.977984625550206 ], [ 12.171562746165204, 55.97800945612029 ], [ 12.171569334240145, 55.978025288903211 ], [ 12.171557064765096, 55.978034055565153 ], [ 12.171532865251269, 55.978040072781184 ], [ 12.171496557687675, 55.978039209669305 ], [ 12.171471865111082, 55.978047037594862 ], [ 12.171467394960963, 55.978059019667093 ], [ 12.171470939644022, 55.978070975164258 ], [ 12.171483868095063, 55.978076126240666 ], [ 12.171485423307344, 55.9780833681979 ], [ 12.171466567593244, 55.978095900493877 ], [ 12.171377152515188, 55.978147468744211 ], [ 12.171313015833748, 55.978161166931898 ], [ 12.171225032051805, 55.978167567777881 ], [ 12.171163122270917, 55.978183006574497 ], [ 12.171106576612901, 55.978185631154332 ], [ 12.171084936985549, 55.978191582371828 ], [ 12.171041199743355, 55.978239007583795 ], [ 12.170986432789922, 55.978255521007625 ], [ 12.170937029055311, 55.978319903600379 ], [ 12.170853582544471, 55.978405210562606 ], [ 12.170798216853399, 55.978428122300713 ], [ 12.170761857141351, 55.978479492934632 ], [ 12.170765983527161, 55.978518134144366 ], [ 12.170806996628155, 55.978580368792805 ], [ 12.170797516150431, 55.978611448984537 ], [ 12.170788896942266, 55.978637382631902 ], [ 12.17077068399645, 55.978653853921109 ], [ 12.170715801294822, 55.978663088192867 ], [ 12.170690529259332, 55.978683427143139 ], [ 12.170594690049231, 55.978762310337657 ], [ 12.170614442426825, 55.978778343696817 ], [ 12.17066664824889, 55.978795159841773 ], [ 12.170672333225243, 55.978809757298819 ], [ 12.170573352719947, 55.978854199260816 ], [ 12.17052821445777, 55.97887082420862 ], [ 12.170459851597833, 55.978885799433627 ], [ 12.17035859093078, 55.978908274108512 ], [ 12.170285139338219, 55.97893551688464 ], [ 12.170228453207098, 55.978963856410623 ], [ 12.170164597106904, 55.979057379037499 ], [ 12.170139158571516, 55.97912465058868 ], [ 12.170093969561671, 55.979160245832979 ], [ 12.170030146828744, 55.979232640734395 ], [ 12.170014010223287, 55.979245102809138 ], [ 12.169815472347945, 55.979354407954403 ], [ 12.169681824943911, 55.9794905415431 ], [ 12.169618277957792, 55.979554568302063 ], [ 12.169461889568938, 55.97967735215434 ], [ 12.169476646497637, 55.979695042560145 ], [ 12.169624879659613, 55.979772318919416 ], [ 12.169664185321626, 55.979809785140993 ], [ 12.169667595268969, 55.979835768736351 ], [ 12.169642756204192, 55.979880998939691 ], [ 12.169549253821884, 55.979968901122525 ], [ 12.169391937433574, 55.980060782725729 ], [ 12.169255620112091, 55.980117332040635 ], [ 12.169230250159973, 55.980116906010338 ], [ 12.169206484581979, 55.98011257294305 ], [ 12.169189425173952, 55.980117686746816 ], [ 12.169090247518008, 55.980167616482994 ], [ 12.168963112466354, 55.980201184211673 ], [ 12.168917502006858, 55.980212067008374 ], [ 12.168902247937686, 55.980209852328819 ], [ 12.168826841961089, 55.980187788722873 ], [ 12.168770528399461, 55.980203082278521 ], [ 12.168732444271585, 55.980211883453407 ], [ 12.168718783238338, 55.980219337093793 ], [ 12.168671709034156, 55.980228009925781 ], [ 12.168617020079948, 55.980227888516616 ], [ 12.168555046798165, 55.980223009908691 ], [ 12.168476591909288, 55.980198956797139 ], [ 12.168431962007084, 55.98013169008474 ], [ 12.168410907183889, 55.980086022503656 ], [ 12.168399022111666, 55.980075989599975 ], [ 12.168374901415925, 55.980073193828282 ], [ 12.16833931577783, 55.980077255752228 ], [ 12.168300253783999, 55.980072147269318 ], [ 12.168251429346444, 55.980045713613542 ], [ 12.168209736550414, 55.9800241309621 ], [ 12.168187597633041, 55.98001615981314 ], [ 12.168151138559583, 55.980019345138217 ], [ 12.168106711156065, 55.980017251439257 ], [ 12.168052514472773, 55.980042738947411 ], [ 12.168006667615883, 55.980058572048897 ], [ 12.167982241734707, 55.98007556230128 ], [ 12.167947194910475, 55.980099927910238 ], [ 12.167908021442164, 55.980111094276353 ], [ 12.167886493329213, 55.980132145431035 ], [ 12.16783244160216, 55.980128051635987 ], [ 12.167768460348677, 55.980131944688658 ], [ 12.167716173169612, 55.980123939712371 ], [ 12.167699013714266, 55.980141552136899 ], [ 12.167664103198652, 55.980153867404795 ], [ 12.16764247809849, 55.980152176023218 ], [ 12.167619053246316, 55.98014612576749 ], [ 12.167601155386736, 55.98014883358023 ], [ 12.167586488543702, 55.980163594950128 ], [ 12.167571677858904, 55.980170718421562 ], [ 12.167538107597643, 55.980175896996535 ], [ 12.167425614651103, 55.980182655640562 ], [ 12.167373455132719, 55.98018013120415 ], [ 12.16730605921834, 55.980179526866721 ], [ 12.167248027622568, 55.980183626256867 ], [ 12.167175822130028, 55.980210475461469 ], [ 12.166988179911872, 55.980247305095261 ], [ 12.166919688451094, 55.980260753285833 ], [ 12.166873623567559, 55.980277850175945 ], [ 12.166831001506864, 55.980278226826492 ], [ 12.16676719882941, 55.980288228037018 ], [ 12.166684076656617, 55.98031688593548 ], [ 12.166584608208966, 55.980341738670148 ], [ 12.166446672520138, 55.98034915051182 ], [ 12.166302386213827, 55.980355376934725 ], [ 12.166206277070737, 55.980358566743263 ], [ 12.166123761684391, 55.980361317146944 ], [ 12.166003305309074, 55.980370706509284 ], [ 12.165908227244186, 55.980361013728135 ], [ 12.165841908043559, 55.980340243070295 ], [ 12.165753260453142, 55.980320945277462 ], [ 12.165655847027351, 55.98031014361375 ], [ 12.165537007392206, 55.980311849377976 ], [ 12.165444899367868, 55.980326712800512 ], [ 12.165418202479565, 55.980321825031993 ], [ 12.165392312242192, 55.980305229390474 ], [ 12.165372407615983, 55.980255935738001 ], [ 12.165342031705189, 55.980231544071501 ], [ 12.165229266635116, 55.980191828850664 ], [ 12.165123205648726, 55.980159582843484 ], [ 12.165055697770846, 55.980143876776204 ], [ 12.165033074700888, 55.980139783253918 ], [ 12.165012105751583, 55.98014023217619 ], [ 12.164731061419456, 55.980140800938919 ], [ 12.164672528304765, 55.980134843081878 ], [ 12.164641538019524, 55.980126469418614 ], [ 12.164592441744361, 55.980114335593441 ], [ 12.164571376973223, 55.980101841154458 ], [ 12.164465223932147, 55.98003903060706 ], [ 12.164396856056227, 55.980008872214718 ], [ 12.164323459773177, 55.97998585524855 ], [ 12.164286831317503, 55.979975199018916 ], [ 12.164240257982327, 55.979972349948191 ], [ 12.164151523106394, 55.979961773664726 ], [ 12.164049174491984, 55.979931768810708 ], [ 12.163952457035519, 55.979903956649011 ], [ 12.163918022386106, 55.979888748907804 ], [ 12.163872799750589, 55.97987103133741 ], [ 12.163839106848776, 55.979866862345652 ], [ 12.163774658651556, 55.979857190264745 ], [ 12.163718888771006, 55.979837945537319 ], [ 12.163685915902041, 55.97979941582625 ], [ 12.16365215940391, 55.979786617921661 ], [ 12.163640854744308, 55.979783671847805 ], [ 12.163604445521292, 55.979785506028314 ], [ 12.163573446096473, 55.979784863823667 ], [ 12.163393089631786, 55.979728363396333 ], [ 12.163326049553772, 55.979690888344884 ], [ 12.163283513427952, 55.979676607706615 ], [ 12.163245264685214, 55.979667700906184 ], [ 12.163176425772097, 55.979649420884691 ], [ 12.163007864826575, 55.979576344904409 ], [ 12.16292271370185, 55.979525220279065 ], [ 12.162843340219981, 55.979489859708494 ], [ 12.162779690555315, 55.979464433941935 ], [ 12.162730423502408, 55.979444302591261 ], [ 12.162594403744647, 55.979357354833162 ], [ 12.162497941884977, 55.979303194014015 ], [ 12.162461710546882, 55.979273827658375 ], [ 12.162434891526345, 55.979257614871273 ], [ 12.162384790618152, 55.979241010935347 ], [ 12.16234099348153, 55.979232875624625 ], [ 12.162267915342261, 55.979190160988743 ], [ 12.162117220441621, 55.979115905931081 ], [ 12.16207053746515, 55.97909795550941 ], [ 12.162019215461061, 55.979082101985782 ], [ 12.161885030619439, 55.979043113482803 ], [ 12.161777647988965, 55.979004425730658 ], [ 12.161669659463771, 55.978974024327698 ], [ 12.161607997021175, 55.978961133097719 ], [ 12.161560014297496, 55.978958678813321 ], [ 12.161354109860396, 55.978958390042479 ], [ 12.161251316512056, 55.97895626362979 ], [ 12.161118231509422, 55.97895626308182 ], [ 12.161085672129198, 55.978948288420284 ], [ 12.161027196010805, 55.978923358303369 ], [ 12.161006588243414, 55.978918403226764 ], [ 12.160963796856048, 55.978912758849056 ], [ 12.160957781352574, 55.978911744516822 ], [ 12.160811884545941, 55.978917826095206 ], [ 12.160735033467375, 55.978913325391112 ], [ 12.160678341193361, 55.978904351698446 ], [ 12.160533145190064, 55.978875803111961 ], [ 12.160440281422527, 55.978849957093196 ], [ 12.160285660799783, 55.978810052833467 ], [ 12.160203588071893, 55.978792650148627 ], [ 12.160078690917643, 55.978775087530892 ], [ 12.159786941486804, 55.978732767368797 ], [ 12.15963477757454, 55.978715094700839 ], [ 12.159530707992706, 55.978691423389066 ], [ 12.159471877668354, 55.978668029952814 ], [ 12.159386160003903, 55.97863345926217 ], [ 12.15926256188345, 55.978566956432012 ], [ 12.15923224226102, 55.978556946020767 ], [ 12.159216715434901, 55.978545477363454 ], [ 12.159199217300356, 55.97853342996121 ], [ 12.159179671453094, 55.978527728139966 ], [ 12.159154526408187, 55.97852414774934 ], [ 12.159032186585202, 55.978498607218178 ], [ 12.158996871296232, 55.978490253194472 ], [ 12.158977434271263, 55.978483919244688 ], [ 12.158943320789733, 55.978464746278775 ], [ 12.158915350188996, 55.978454046239236 ], [ 12.158902292502948, 55.978449256782177 ], [ 12.15886756078207, 55.978444124186517 ], [ 12.158836372174482, 55.978441148234147 ], [ 12.15875279866817, 55.978444640089776 ], [ 12.15869342169025, 55.978445983047237 ], [ 12.158642115208554, 55.978442084560911 ], [ 12.158569337622437, 55.978436399245979 ], [ 12.158418351001604, 55.978413480657316 ], [ 12.158082045803262, 55.978345778310704 ], [ 12.157999438383394, 55.978331624322273 ], [ 12.157780040261818, 55.978305424550797 ], [ 12.157689553311668, 55.97828508941361 ], [ 12.157612782104502, 55.978261885363203 ], [ 12.157534072517016, 55.978230639884707 ], [ 12.157425042483315, 55.978201160539264 ], [ 12.157371513631732, 55.978187699112922 ], [ 12.15724427248912, 55.978159046049235 ], [ 12.157097586798484, 55.978137723731898 ], [ 12.157048561152726, 55.978126394259384 ], [ 12.156891533060563, 55.978056880265065 ], [ 12.156855432312778, 55.978046747754448 ], [ 12.156831851257731, 55.978042677306419 ], [ 12.156801229990741, 55.978038787295688 ], [ 12.156753070403889, 55.978028244618244 ], [ 12.156720299663197, 55.978015689300868 ], [ 12.156629692423104, 55.977984028983883 ], [ 12.156580788752988, 55.977968291064542 ], [ 12.156531704959574, 55.977956243674917 ], [ 12.156440461537317, 55.977932510795881 ], [ 12.156407771421714, 55.977920942240146 ], [ 12.156394333936067, 55.977911487415724 ], [ 12.156382789908264, 55.977907557915479 ], [ 12.156361573368606, 55.977904955097564 ], [ 12.156097205789424, 55.977869925793875 ], [ 12.155959485885127, 55.977840551032202 ], [ 12.155771712787315, 55.97782657300457 ], [ 12.155695060910013, 55.97782251359078 ], [ 12.155639753716578, 55.977814760737587 ], [ 12.155597979410054, 55.977801896401914 ], [ 12.155319723717282, 55.977771536501884 ], [ 12.15499113378872, 55.977709831356385 ], [ 12.154574389382615, 55.977648495289962 ], [ 12.154473167817061, 55.977602631258577 ], [ 12.154454102338807, 55.977594938583522 ], [ 12.154381182266594, 55.977591412088564 ], [ 12.154338912120449, 55.977592135042308 ], [ 12.154296581954128, 55.977588184681089 ], [ 12.154146651026052, 55.977534847451771 ], [ 12.154028170320746, 55.977485739119153 ], [ 12.154009744998922, 55.977478029984205 ], [ 12.153999837903205, 55.977474507851014 ], [ 12.153967401891004, 55.977477855673229 ], [ 12.153932806967804, 55.977484225493555 ], [ 12.153892937726365, 55.977486864631274 ], [ 12.153877808994247, 55.977484195402646 ], [ 12.153834989413546, 55.977474234069682 ], [ 12.153803732411815, 55.977460560424937 ], [ 12.153751981936834, 55.977451187350255 ], [ 12.153715134426193, 55.977443680178709 ], [ 12.153697029191092, 55.977435962802168 ], [ 12.153690263738048, 55.977431640996848 ], [ 12.153685293362196, 55.977423767100788 ], [ 12.153682261219469, 55.977406224200834 ], [ 12.153676040661646, 55.977381031479496 ], [ 12.153667883368003, 55.977369463354066 ], [ 12.153642223748726, 55.977367423341775 ], [ 12.153608022677936, 55.977376659809487 ], [ 12.153533755950564, 55.977407779068564 ], [ 12.153403155633056, 55.977485470734521 ], [ 12.153316097706261, 55.977542628942402 ], [ 12.153287818703333, 55.977557647146575 ], [ 12.153258765990605, 55.977565133494188 ], [ 12.153223594438499, 55.977566393535731 ], [ 12.153126311569252, 55.977566906239765 ], [ 12.153081785321485, 55.977563551087428 ], [ 12.153047136892996, 55.977563359275557 ], [ 12.15299991748096, 55.977574187444851 ], [ 12.152913633329213, 55.977621166771748 ], [ 12.152846779691428, 55.977660636399847 ], [ 12.152776732057108, 55.977676633771971 ], [ 12.152749182141108, 55.977676979375694 ], [ 12.152738453867645, 55.97767518627456 ], [ 12.152728807707799, 55.977668960340694 ], [ 12.152730567055597, 55.977666937491676 ], [ 12.152736798514091, 55.97766273245378 ], [ 12.152756550656505, 55.977659170229856 ], [ 12.152777292037666, 55.977655942283327 ], [ 12.152780991945781, 55.977650183832409 ], [ 12.152775331972938, 55.977645653878852 ], [ 12.152756639336438, 55.977642536335672 ], [ 12.152714898140035, 55.977637941051107 ], [ 12.152636809618386, 55.977641827774512 ], [ 12.152566495535471, 55.977644706349267 ], [ 12.152520133650777, 55.977654253772691 ], [ 12.152478576433529, 55.977655856844869 ], [ 12.152404767357538, 55.977647317496853 ], [ 12.152265148822817, 55.977628056117993 ], [ 12.152163924046341, 55.977607722093481 ], [ 12.152140597999267, 55.977602835124721 ], [ 12.152131243413011, 55.977598219895199 ], [ 12.152121094782608, 55.977589759258358 ], [ 12.152117108628973, 55.977588063259773 ], [ 12.152107943929819, 55.977585780585869 ], [ 12.152098532919075, 55.977586381035742 ], [ 12.152089151783853, 55.977589318137234 ], [ 12.152070736740852, 55.977589609611535 ], [ 12.152053382638499, 55.977587176912358 ], [ 12.152004815881353, 55.977571608385873 ], [ 12.151927552047734, 55.977561988458469 ], [ 12.151804073798854, 55.97754599944863 ], [ 12.151774035628709, 55.977543351886951 ], [ 12.151751625875406, 55.977537901994381 ], [ 12.151715175112242, 55.977519506098552 ], [ 12.151703107837799, 55.97751505015286 ], [ 12.151678554273222, 55.977514779441336 ], [ 12.151666714010203, 55.977515082417035 ], [ 12.151646881511844, 55.977517657614904 ], [ 12.151631216405869, 55.977520216073913 ], [ 12.15161633607252, 55.9775205968348 ], [ 12.151608160646806, 55.977518648413159 ], [ 12.151593018721723, 55.977519755069942 ], [ 12.151575112286285, 55.977518415244838 ], [ 12.151559212243987, 55.977514147257963 ], [ 12.151526644532552, 55.977515879591898 ], [ 12.151449265622663, 55.977532423395296 ], [ 12.151355127141125, 55.977563690160324 ], [ 12.15125788753714, 55.977586405734087 ], [ 12.151087875284913, 55.977658630379324 ], [ 12.150913663359001, 55.977722601460982 ], [ 12.150759665091082, 55.977770951900496 ], [ 12.150723048278433, 55.977780069547457 ], [ 12.150682815851404, 55.97778613315122 ], [ 12.150645024704959, 55.977808406302273 ], [ 12.150570356168719, 55.977844478537882 ], [ 12.15036756304092, 55.977945409848836 ], [ 12.15034303857667, 55.977971119393402 ], [ 12.150339154246971, 55.977994323196775 ], [ 12.150347192909772, 55.978101009387764 ], [ 12.150357959999017, 55.978186049649679 ], [ 12.150347923180675, 55.978236111293128 ], [ 12.150334825280137, 55.978264315486655 ], [ 12.150307869739345, 55.978309415826686 ], [ 12.150259951606865, 55.97837474054522 ], [ 12.15021426317287, 55.978404407584563 ], [ 12.150168706048383, 55.978435689457918 ], [ 12.150108479230965, 55.978467975803284 ], [ 12.150086171925386, 55.978491381068714 ], [ 12.150074669909458, 55.978531321389987 ], [ 12.150077651159455, 55.978605413118409 ], [ 12.150101846753248, 55.978674197552458 ], [ 12.15011108571677, 55.978681333109137 ], [ 12.150123139149859, 55.978687587578356 ], [ 12.150156271069877, 55.978696719170365 ], [ 12.150197060956708, 55.978703407378042 ], [ 12.150223209204503, 55.978707503334178 ], [ 12.15024029478235, 55.978710572468501 ], [ 12.15024718359928, 55.978714441802474 ], [ 12.150255163992536, 55.978745523092812 ], [ 12.150253385430046, 55.978757165757116 ], [ 12.150236105166268, 55.978785207203799 ], [ 12.150225910786959, 55.978819540258314 ], [ 12.150223958747098, 55.978834963183097 ], [ 12.150231012162953, 55.978854650809993 ], [ 12.150230337914483, 55.978862129802742 ], [ 12.150219956470155, 55.978878397624655 ], [ 12.150185936367512, 55.97891747547223 ], [ 12.150176105158096, 55.978950360823376 ], [ 12.150178322352719, 55.978971700453343 ], [ 12.15017055674508, 55.97902997483628 ], [ 12.150175278838741, 55.979137285249642 ], [ 12.150207246740448, 55.979270059891412 ], [ 12.15024895453182, 55.979355028012861 ], [ 12.150286818781128, 55.979428227551111 ], [ 12.150308481630892, 55.979513168931952 ], [ 12.150306447191898, 55.979545315470808 ], [ 12.150285997314521, 55.97957973102595 ], [ 12.150282234039588, 55.979594570971244 ], [ 12.150280040538327, 55.979605055539636 ], [ 12.150278008198338, 55.979619491611153 ], [ 12.150273734130247, 55.979653673242993 ], [ 12.150293703425186, 55.979692179345712 ], [ 12.150431690703863, 55.979805610672102 ], [ 12.150490752251821, 55.979835834904449 ], [ 12.150529486891115, 55.979848778727799 ], [ 12.150992858836073, 55.979939052589799 ], [ 12.151223311169094, 55.979990693281977 ], [ 12.151298943296911, 55.980023549815414 ], [ 12.15141912390024, 55.980097429895039 ], [ 12.151579003173199, 55.980170473906021 ], [ 12.151674149970885, 55.980179097135533 ], [ 12.151732921077642, 55.98018406615158 ], [ 12.151797036446448, 55.98018377405252 ], [ 12.151829591776313, 55.98018186219425 ], [ 12.151864036092851, 55.980173608946536 ], [ 12.15196177974631, 55.98013928290753 ], [ 12.15220911028257, 55.98004565996083 ], [ 12.152565156417392, 55.979851621877472 ], [ 12.152642321665878, 55.979836341512573 ], [ 12.152725644596345, 55.979833669376582 ], [ 12.152758092807332, 55.979838322757068 ], [ 12.152780258472101, 55.979848633368434 ], [ 12.152794635349975, 55.979861750463591 ], [ 12.15280405464882, 55.979882905713382 ], [ 12.152801090269651, 55.979891791856076 ], [ 12.152788705617018, 55.979897233201342 ], [ 12.152654412437711, 55.97992575288481 ], [ 12.152562464502504, 55.979974135451258 ], [ 12.152255667735547, 55.980152708810323 ], [ 12.152256905135051, 55.980219113707285 ], [ 12.152349515336146, 55.980316713060184 ], [ 12.152379796962959, 55.980343987053281 ], [ 12.152381602541443, 55.980370101926262 ], [ 12.152375621237168, 55.980404956651149 ], [ 12.152375030651781, 55.980506020074536 ], [ 12.152359731404262, 55.98056035200802 ], [ 12.152272490701721, 55.980639000266869 ], [ 12.152145680446729, 55.980735832118555 ], [ 12.152126993155264, 55.980774158509398 ], [ 12.152108839019643, 55.980819033997854 ], [ 12.152115339433276, 55.980855547098066 ], [ 12.152165241318379, 55.980934731103524 ], [ 12.152211491405851, 55.980990724286251 ], [ 12.152256469985343, 55.981029129472049 ], [ 12.1523104692768, 55.981050312562715 ], [ 12.152353821609235, 55.981054956700355 ], [ 12.152420550512716, 55.981057204526806 ], [ 12.152504494245441, 55.981054246987441 ], [ 12.152551001052124, 55.981052337474765 ], [ 12.152601137827718, 55.98105168354541 ], [ 12.152633769683023, 55.981058579787522 ], [ 12.152776288198432, 55.981097544827051 ], [ 12.15310769353048, 55.981150194078424 ], [ 12.153291518798321, 55.981186393003902 ], [ 12.153385964866443, 55.981219845468857 ], [ 12.153402590778949, 55.981234972638035 ], [ 12.153401543050864, 55.981253608896921 ], [ 12.153362464303017, 55.981319158026899 ], [ 12.153332414399307, 55.981351842061173 ], [ 12.153309600356756, 55.981361146477788 ], [ 12.15329239208603, 55.98136446383802 ], [ 12.153260128853603, 55.981371942432695 ], [ 12.153211421564025, 55.981423623598303 ], [ 12.153208880209769, 55.98145542358462 ], [ 12.153202793586701, 55.981479133369383 ], [ 12.153319067491916, 55.981627010038316 ], [ 12.15341249699626, 55.981701123615451 ], [ 12.153483999304843, 55.981724555131159 ], [ 12.153508599384327, 55.981725363732778 ], [ 12.153534638159886, 55.981722179866892 ], [ 12.153543502079874, 55.981714850778822 ], [ 12.153576545627411, 55.981673639389136 ], [ 12.153596853430177, 55.981653251410144 ], [ 12.153619935708273, 55.981641332955313 ], [ 12.153667244542238, 55.981623669880229 ], [ 12.153693524395591, 55.981623446528978 ], [ 12.153704411800046, 55.981638990288715 ], [ 12.153736816775831, 55.981678525996763 ], [ 12.15377641793112, 55.981686322312271 ], [ 12.153802720508908, 55.981688345873025 ], [ 12.153830984142507, 55.981682947361577 ], [ 12.153841253161083, 55.981679088400007 ], [ 12.153846139189017, 55.981674108658588 ], [ 12.15385734837753, 55.981656201118909 ], [ 12.153871357528949, 55.981637232977725 ], [ 12.153897857838256, 55.981623968341367 ], [ 12.153936763133794, 55.981619286229666 ], [ 12.154003731947766, 55.981618560347201 ], [ 12.154071903612826, 55.981624725979138 ], [ 12.154174308106418, 55.981637746421015 ], [ 12.154259819433248, 55.981659919748225 ], [ 12.154288976021995, 55.981687132210226 ], [ 12.154300046415168, 55.98170491875171 ], [ 12.15428818587522, 55.981785683588832 ], [ 12.15431963018143, 55.981858686806476 ], [ 12.154362703999594, 55.9819464955131 ], [ 12.154397350602036, 55.982023372336094 ], [ 12.154425098381182, 55.982037225646856 ], [ 12.154529393230035, 55.982081303035251 ], [ 12.154573196749086, 55.982119018307259 ], [ 12.154575246081064, 55.982132361024753 ], [ 12.154562639351742, 55.982237418185242 ], [ 12.154519015739899, 55.982339673661215 ], [ 12.154502038239469, 55.982393059954056 ], [ 12.154499949538398, 55.982426466597239 ], [ 12.15451614006763, 55.982459854615136 ], [ 12.154565045241615, 55.982503102984005 ], [ 12.15459796105716, 55.982560695437805 ], [ 12.154624341296548, 55.982591215358646 ], [ 12.154638080551003, 55.982606326402298 ], [ 12.154717643303407, 55.982644024807399 ], [ 12.154780613238669, 55.982661111379095 ], [ 12.15480729343407, 55.982677599073824 ], [ 12.154940557480311, 55.982762288489546 ], [ 12.154992260339407, 55.982814275308932 ], [ 12.155043636912367, 55.98288586881656 ], [ 12.155096215247736, 55.9829781086816 ], [ 12.155100373705968, 55.983007489591991 ], [ 12.155097596569481, 55.983028507588152 ], [ 12.155031308005801, 55.983078931689484 ], [ 12.155010645384195, 55.983120545552666 ], [ 12.154970263742284, 55.983164192795392 ], [ 12.154956631510387, 55.983179914979338 ], [ 12.154848679561674, 55.98325433077612 ], [ 12.154789650806693, 55.983307265815625 ], [ 12.154721140467004, 55.983369793330397 ], [ 12.154642571652627, 55.983454514171768 ], [ 12.154604111197298, 55.983502067708841 ], [ 12.154591273050164, 55.98353934567217 ], [ 12.154579861847795, 55.983633494213237 ], [ 12.154590578679132, 55.983674484161611 ], [ 12.154638468412832, 55.983738705379473 ], [ 12.154725676689345, 55.983824934165696 ], [ 12.154884026289409, 55.983945840489802 ], [ 12.15493975659691, 55.983988194720922 ], [ 12.155010630439275, 55.984009753597888 ], [ 12.155077441802929, 55.984022786025839 ], [ 12.155103646154661, 55.984029486682516 ], [ 12.155117463233264, 55.984037673333972 ], [ 12.155119359329673, 55.984049132054203 ], [ 12.155120636411887, 55.984058898517034 ], [ 12.155116471641378, 55.98406682655385 ], [ 12.155098915522583, 55.984075726903143 ], [ 12.155044024494565, 55.984092865493274 ], [ 12.15503871107328, 55.984102441160502 ], [ 12.155041777717214, 55.984112521389449 ], [ 12.155048146639411, 55.984139508263311 ], [ 12.155263263489484, 55.984219044195854 ], [ 12.15532062248503, 55.984257760517558 ], [ 12.155360827622747, 55.984310311433127 ], [ 12.15541926042331, 55.984375970411598 ], [ 12.155499223362199, 55.984420490566279 ], [ 12.155515353383583, 55.984427539116339 ], [ 12.155531643442337, 55.9844345835646 ], [ 12.15554786159848, 55.984460419097402 ], [ 12.155554449956965, 55.984472386912735 ], [ 12.155563764463537, 55.984480419160334 ], [ 12.155578061042229, 55.984486615664316 ], [ 12.15562702813137, 55.984512870836177 ], [ 12.155634816333864, 55.984523819002085 ], [ 12.155644607086206, 55.984539660403719 ], [ 12.155660050142483, 55.984589429364569 ], [ 12.15563752169256, 55.984639631689454 ], [ 12.155638822554254, 55.984687065929435 ], [ 12.155653480114484, 55.984770477872928 ], [ 12.155646239446414, 55.984831166532118 ], [ 12.155614549265819, 55.984957839340908 ], [ 12.155571114000283, 55.985091915172006 ], [ 12.155557946841695, 55.985107445697622 ], [ 12.155492096266913, 55.985184918879277 ], [ 12.155442489923082, 55.985247232191284 ], [ 12.155426408340318, 55.985286031733608 ], [ 12.15543433644498, 55.985300662256719 ], [ 12.155439296167259, 55.985314290010535 ], [ 12.155436085933943, 55.985326059333467 ], [ 12.155412530127931, 55.985340057946644 ], [ 12.155387169192158, 55.985351585576254 ], [ 12.155351762023617, 55.985379552663566 ], [ 12.155326770620455, 55.98543889797331 ], [ 12.155329328669524, 55.985484052487038 ], [ 12.155333419853097, 55.985490959942069 ], [ 12.155334388513669, 55.985510713277726 ], [ 12.155320122808627, 55.985526541615641 ], [ 12.155298019262968, 55.985534749361072 ], [ 12.1552744070444, 55.985536253196642 ], [ 12.155257481459641, 55.985541091876932 ], [ 12.155248836396412, 55.985551112491713 ], [ 12.155233862895219, 55.985613347694702 ], [ 12.155189734160558, 55.985797965290175 ], [ 12.155174049767391, 55.985934117037083 ], [ 12.155166216940755, 55.986007227105574 ], [ 12.155159225429355, 55.986057211152882 ], [ 12.155178709872148, 55.986150658272564 ], [ 12.155195848503926, 55.986201552561319 ], [ 12.155209375213047, 55.986243549298294 ], [ 12.155199433009962, 55.986282910747448 ], [ 12.155176637895936, 55.986308217303481 ], [ 12.155127594821581, 55.986347950960528 ], [ 12.155082668616686, 55.986369329317249 ], [ 12.155017449890744, 55.986399498262621 ], [ 12.154972519425918, 55.986410987614583 ], [ 12.154948520770652, 55.986411692171451 ], [ 12.154918620928104, 55.986408861936923 ], [ 12.154908400318186, 55.986409393406376 ], [ 12.154895177159558, 55.986414406906903 ], [ 12.154855918772832, 55.986438426936097 ], [ 12.154775711356228, 55.986514918857168 ], [ 12.154705872963088, 55.986598606924268 ], [ 12.154678110411588, 55.986663327176004 ], [ 12.154686637271876, 55.986683336449481 ], [ 12.154699126165998, 55.98669686130976 ], [ 12.15473408417321, 55.986704686396692 ], [ 12.154758301550361, 55.986704695487873 ], [ 12.154776687605944, 55.986711866167724 ], [ 12.154787808470074, 55.986724347247716 ], [ 12.154794833320814, 55.986753474946923 ], [ 12.154786303346327, 55.98679639621038 ], [ 12.154765312864809, 55.986841884107626 ], [ 12.154728632561666, 55.986891639546059 ], [ 12.154654471463868, 55.986955750034369 ], [ 12.154614390242985, 55.986979521345674 ], [ 12.154526106134998, 55.987019900057795 ], [ 12.154494702079424, 55.987022232570752 ], [ 12.154477062468963, 55.987026190410994 ], [ 12.154449873894391, 55.987036955522328 ], [ 12.154403353518019, 55.987040753912957 ], [ 12.154392018947323, 55.987039425949447 ], [ 12.154341840594466, 55.987010144656224 ], [ 12.154267833816453, 55.986989564559089 ], [ 12.154126898352905, 55.986928984266363 ], [ 12.154104069253036, 55.986926332384272 ], [ 12.154080332641913, 55.986928288666171 ], [ 12.1540612315023, 55.986933991980706 ], [ 12.154044562573308, 55.98694592606001 ], [ 12.154023147934204, 55.98698818825472 ], [ 12.153989425678784, 55.987015212763097 ], [ 12.153979233049045, 55.987031835646576 ], [ 12.153959889521676, 55.987050311037663 ], [ 12.153926213684986, 55.987066096762092 ], [ 12.153894097828973, 55.987071503966092 ], [ 12.153871046692005, 55.987077937686415 ], [ 12.153855774169314, 55.987089296582404 ], [ 12.153845952717292, 55.987106539254683 ], [ 12.153809431415311, 55.987175978559904 ], [ 12.153807590158744, 55.987230145866235 ], [ 12.153819566876493, 55.987255101303184 ], [ 12.153870248421432, 55.987306305672732 ], [ 12.154001421923121, 55.987384846636132 ], [ 12.154016470739103, 55.98739632820682 ], [ 12.15409546279559, 55.987438716566551 ], [ 12.154083725010386, 55.987448186971079 ], [ 12.154072234204325, 55.987456752044487 ], [ 12.154052904354907, 55.987473429084481 ], [ 12.15401347603567, 55.987457986802433 ], [ 12.153987573430435, 55.987447142732549 ], [ 12.153971856742611, 55.987439274282643 ], [ 12.153872798940164, 55.987410435176542 ], [ 12.153688062435386, 55.987353582915702 ], [ 12.153585644138447, 55.987324829617606 ], [ 12.153559089976158, 55.987321733591976 ], [ 12.15352959076035, 55.987321859475394 ], [ 12.153513258987164, 55.987322187669399 ], [ 12.153504659723213, 55.987320969400777 ], [ 12.153499115155, 55.987317874919782 ], [ 12.153494790203744, 55.98730809657242 ], [ 12.153497749127109, 55.987303076291575 ], [ 12.153503188349415, 55.987297003608596 ], [ 12.153508569097935, 55.987290213217506 ], [ 12.153508514161681, 55.987279696254035 ], [ 12.153497880979176, 55.987267292478762 ], [ 12.153417566469754, 55.987226376012011 ], [ 12.153394604182932, 55.987218153569309 ], [ 12.153375471319013, 55.987217564544416 ], [ 12.153348592089436, 55.987220320334451 ], [ 12.153311437258496, 55.987232778720035 ], [ 12.153280729479496, 55.987249567091155 ], [ 12.153255220602526, 55.987278988256797 ], [ 12.153232295053186, 55.987310590803922 ], [ 12.153223738450167, 55.987365019887214 ], [ 12.153226633213949, 55.987382836004834 ], [ 12.153287875591294, 55.98742981464617 ], [ 12.153293883574195, 55.987446472262882 ], [ 12.153295519204198, 55.987462612499606 ], [ 12.153291378618542, 55.987478720795657 ], [ 12.153296911553685, 55.987489547034393 ], [ 12.153304523581756, 55.987496364425915 ], [ 12.153306045866433, 55.987501269990425 ], [ 12.153296766260024, 55.987509418783539 ], [ 12.15328634292435, 55.98751337152558 ], [ 12.153248668893131, 55.987519460236534 ], [ 12.153198922852585, 55.987536825819404 ], [ 12.153136517876446, 55.987552357797199 ], [ 12.153103995917647, 55.987562629813887 ], [ 12.153096090150324, 55.987567956507419 ], [ 12.153014395629265, 55.98763216887518 ], [ 12.152991015134509, 55.987654253554034 ], [ 12.152947813824476, 55.987685026501204 ], [ 12.152922329295338, 55.987702939692262 ], [ 12.152904719163663, 55.987709233960665 ], [ 12.152880573498356, 55.987708143853695 ], [ 12.152868460474098, 55.987707105374 ], [ 12.152857534981571, 55.987710801229085 ], [ 12.152818952077313, 55.987758896633032 ], [ 12.15280964584786, 55.987794285940716 ], [ 12.152803976925712, 55.987809354526014 ], [ 12.152800197881767, 55.987820059514114 ], [ 12.15275284808401, 55.987866850964238 ], [ 12.152721228140607, 55.987898046620138 ], [ 12.152691258881815, 55.987947539735977 ], [ 12.152650414919778, 55.988021044905388 ], [ 12.152657468198919, 55.988072197613086 ], [ 12.15266352717255, 55.988089483255877 ], [ 12.152666462023376, 55.988097948698069 ], [ 12.152662863459016, 55.988104963138689 ], [ 12.152652173092383, 55.988115485398609 ], [ 12.15261013355757, 55.988162500482872 ], [ 12.152587563611242, 55.988194543294135 ], [ 12.15256530570835, 55.988224510402013 ], [ 12.152556462555793, 55.98825377459503 ], [ 12.152542375288238, 55.988265912086739 ], [ 12.152501483871493, 55.988289613503149 ], [ 12.152490321278929, 55.988302215545126 ], [ 12.152489540584627, 55.98831626001045 ], [ 12.15250796918802, 55.988339701944099 ], [ 12.152516772999872, 55.988363120487023 ], [ 12.152514339271065, 55.988372622327951 ], [ 12.152498700243063, 55.988399183614014 ], [ 12.152474376579457, 55.988451049401746 ], [ 12.152481547162056, 55.988464261080281 ], [ 12.152482410087798, 55.988476825074187 ], [ 12.152480913307095, 55.988482077610556 ], [ 12.152475568753456, 55.988489316527456 ], [ 12.152473637779009, 55.9885010530149 ], [ 12.152478283420105, 55.988512801000361 ], [ 12.152509771497261, 55.98861978594109 ], [ 12.152527994490379, 55.988739157022508 ], [ 12.152500256318129, 55.988845589925489 ], [ 12.152484994648242, 55.988951613632054 ], [ 12.152473821483108, 55.988975903010399 ], [ 12.152445022195614, 55.989004329376016 ], [ 12.152411386205337, 55.989036385628758 ], [ 12.152402552476515, 55.989051984680131 ], [ 12.152398817755426, 55.989065205732111 ], [ 12.152398754798416, 55.989072309486062 ], [ 12.152399557158446, 55.989078222389217 ], [ 12.152439975087544, 55.989111709884 ], [ 12.152452499147023, 55.989121727947364 ], [ 12.152455979252055, 55.989129010733507 ], [ 12.152457101725149, 55.989134915444467 ], [ 12.1524566675267, 55.989141399395088 ], [ 12.152420447845065, 55.989232316721235 ], [ 12.152423489255057, 55.989253904920744 ], [ 12.152427281614301, 55.989300466253518 ], [ 12.152434654295741, 55.989349632980108 ], [ 12.152440950739354, 55.98937967843257 ], [ 12.152435144036373, 55.989396998032305 ], [ 12.152430606653081, 55.989423994407552 ], [ 12.152423899916791, 55.989467677896819 ], [ 12.152390350626195, 55.989540187159534 ], [ 12.152365999631416, 55.989558251004816 ], [ 12.152341007002303, 55.989572375640563 ], [ 12.152326497497032, 55.9895852431073 ], [ 12.152317677532272, 55.98959904378647 ], [ 12.152281394158914, 55.98969706482832 ], [ 12.152271635055362, 55.989709181425056 ], [ 12.152253632823816, 55.989720520047847 ], [ 12.152218979054155, 55.989736150481356 ], [ 12.152162526902684, 55.98976771167689 ], [ 12.152156432995781, 55.9897755990538 ], [ 12.152146021073536, 55.989793485977749 ], [ 12.152121109962323, 55.989812553008278 ], [ 12.152124793276821, 55.989818392195112 ], [ 12.152117213649898, 55.989821822559826 ], [ 12.152109727629703, 55.989822463612576 ], [ 12.152101237444647, 55.989822590955924 ], [ 12.152093584063254, 55.98982314638954 ], [ 12.152089590698711, 55.989825316281973 ], [ 12.152087351998777, 55.989831306999349 ], [ 12.152104259138845, 55.989871509424098 ], [ 12.152099626927123, 55.989877651286434 ], [ 12.152089975257942, 55.989885180191372 ], [ 12.152070283983091, 55.989893505385815 ], [ 12.152036077501913, 55.989898875659883 ], [ 12.152016669102842, 55.989904766293421 ], [ 12.152002652096344, 55.9899118674834 ], [ 12.151990659392769, 55.989924131106704 ], [ 12.151968956524991, 55.98994320591612 ], [ 12.151961747432003, 55.989945278282228 ], [ 12.151948855370911, 55.989944529337194 ], [ 12.151936697829552, 55.989942952492548 ], [ 12.151923318977767, 55.989944103910886 ], [ 12.151917551732613, 55.989950095005852 ], [ 12.151912317827312, 55.989962635192271 ], [ 12.151938444158047, 55.989986060059458 ], [ 12.151973740224744, 55.990017700949075 ], [ 12.151990574073764, 55.990035340232978 ], [ 12.151991283462802, 55.990046020243916 ], [ 12.151995188017215, 55.990060484223577 ], [ 12.151979797085543, 55.990092073505188 ], [ 12.151961431510518, 55.990126525810801 ], [ 12.151913539831748, 55.990237609605323 ], [ 12.151879458866018, 55.990291792598484 ], [ 12.151781216072346, 55.990430595335908 ], [ 12.151767023577325, 55.990457209395416 ], [ 12.151779579917143, 55.990497163572648 ], [ 12.15180056346531, 55.990522428157902 ], [ 12.151833791766363, 55.990548368361956 ], [ 12.151861048197167, 55.990577787669203 ], [ 12.151891792797977, 55.990616557277512 ], [ 12.151900147378623, 55.990665968601775 ], [ 12.151909851090229, 55.990745731779263 ], [ 12.151884649052063, 55.990767143606483 ], [ 12.151836013388847, 55.990790323688671 ], [ 12.151835571771873, 55.990796717923459 ], [ 12.1518333190454, 55.990804507003226 ], [ 12.151818168013543, 55.990815413001805 ], [ 12.151799105879098, 55.990835409113693 ], [ 12.151795498266651, 55.990838378229789 ], [ 12.151786064811374, 55.990846620727005 ], [ 12.151775892198557, 55.990863512582841 ], [ 12.151764002184692, 55.990900675989771 ], [ 12.151740308935459, 55.990930769531666 ], [ 12.151696471461818, 55.990965603761509 ], [ 12.151661776534787, 55.990992562533087 ], [ 12.151617397637541, 55.991018780136386 ], [ 12.151567661675049, 55.991038302334125 ], [ 12.151509037362796, 55.991064884333682 ], [ 12.151449110576543, 55.99109122992234 ], [ 12.151403894596923, 55.991117019356444 ], [ 12.151342389485231, 55.991167318796236 ], [ 12.15125647665112, 55.991223187087073 ], [ 12.151165945657764, 55.991285376577437 ], [ 12.151083214163879, 55.991348804902877 ], [ 12.151065697044666, 55.991356265205283 ], [ 12.151058320275684, 55.991358251902234 ], [ 12.151039819596397, 55.991361512036519 ], [ 12.150991888995581, 55.991363816821924 ], [ 12.150978692229135, 55.991367210984585 ], [ 12.150957588635233, 55.991375931711801 ], [ 12.150920986074311, 55.991401141044513 ], [ 12.150868148017373, 55.991437733479138 ], [ 12.150858153692795, 55.991445001340075 ], [ 12.150847569620851, 55.991450935776982 ], [ 12.150832086878825, 55.991449893367893 ], [ 12.150780645849053, 55.991464244616374 ], [ 12.150709306796585, 55.991504097078753 ], [ 12.150687709512116, 55.991516606203554 ], [ 12.15066875415633, 55.991532014471382 ], [ 12.150645420019742, 55.991574414961676 ], [ 12.150636430426504, 55.991584174320138 ], [ 12.150618303310944, 55.991595965378686 ], [ 12.150556667329813, 55.991605273136983 ], [ 12.150539608267962, 55.991612451945336 ], [ 12.150526609786196, 55.991622223919059 ], [ 12.150487634994555, 55.99167149720401 ], [ 12.150450003905869, 55.991713633976062 ], [ 12.150409068637623, 55.991752618817344 ], [ 12.150389913403462, 55.991781337416732 ], [ 12.150377623759043, 55.991825433217649 ], [ 12.150360882812869, 55.991850314252382 ], [ 12.150364682314127, 55.991855611115611 ], [ 12.150369754414474, 55.99185880772454 ], [ 12.150392991551909, 55.991854617465968 ], [ 12.150418911422342, 55.991843975664942 ], [ 12.150429911339181, 55.991841177148828 ], [ 12.150440563735696, 55.991843961346909 ], [ 12.150438879107641, 55.991854792482592 ], [ 12.150427840216606, 55.991872875072666 ], [ 12.150423295718445, 55.991905715053868 ], [ 12.150415784252882, 55.991943485533604 ], [ 12.150420424844057, 55.991963055057369 ], [ 12.150461571467426, 55.992019269387676 ], [ 12.150462147816745, 55.992024378974037 ], [ 12.150432592619534, 55.992043564391693 ], [ 12.150417346984943, 55.992057259537191 ], [ 12.150411420348487, 55.992067210248322 ], [ 12.150412733705464, 55.992079403122609 ], [ 12.150481370101062, 55.992165930101862 ], [ 12.150527562971531, 55.99218758349015 ], [ 12.150533434839314, 55.992188781829881 ], [ 12.150536688474578, 55.992193283544324 ], [ 12.150533775695118, 55.992208731012752 ], [ 12.150501909534327, 55.992260609408525 ], [ 12.150492869237819, 55.99227171855641 ], [ 12.15047974698094, 55.992281943188814 ], [ 12.150456532116843, 55.992288380401689 ], [ 12.150411460189236, 55.992292319946927 ], [ 12.150394937606114, 55.992294270784932 ], [ 12.150384126231922, 55.992295446266404 ], [ 12.150377986553064, 55.99229883969069 ], [ 12.150305448386849, 55.992349600505889 ], [ 12.15018893335747, 55.992417757800048 ], [ 12.150167431524942, 55.992435388706824 ], [ 12.150149285524046, 55.992458777326618 ], [ 12.150127290423608, 55.992505818280847 ], [ 12.150093447223746, 55.992566916956171 ], [ 12.15004545531014, 55.992637457345296 ], [ 12.150044612927671, 55.992642872910679 ], [ 12.150050792143153, 55.99264981704281 ], [ 12.150064016046413, 55.992662514470474 ], [ 12.150076303236279, 55.992681438978373 ], [ 12.150076661650649, 55.992687812744222 ], [ 12.150075557559122, 55.992693954205208 ], [ 12.150068816394237, 55.992705723732691 ], [ 12.150044894630716, 55.992709392025262 ], [ 12.150012548925885, 55.992717950532239 ], [ 12.149995170315259, 55.992729093045504 ], [ 12.14998841393014, 55.99273870534703 ], [ 12.149984554517555, 55.992752378994133 ], [ 12.149996680460879, 55.992767352013821 ], [ 12.149991824721123, 55.992782579443869 ], [ 12.149990516147424, 55.992786208920336 ], [ 12.149972293936209, 55.992798811406907 ], [ 12.149925823672108, 55.992824991924188 ], [ 12.149891088202672, 55.992847546066379 ], [ 12.149802118709628, 55.992895490267024 ], [ 12.149757915081041, 55.992935727130074 ], [ 12.149719482683928, 55.992956218131653 ], [ 12.149661121055876, 55.992999873549529 ], [ 12.149576468287508, 55.993057506358085 ], [ 12.149508664565305, 55.993109314329807 ], [ 12.149472314991577, 55.993137663237214 ], [ 12.149410757007466, 55.993201178331383 ], [ 12.149378298371348, 55.993224123614901 ], [ 12.149322070723779, 55.993278242652927 ], [ 12.149302627573844, 55.993297528874656 ], [ 12.149204938280917, 55.993366462516761 ], [ 12.149120794535358, 55.993428397195636 ], [ 12.149116053559055, 55.993439126630861 ], [ 12.149119162214781, 55.993445789696672 ], [ 12.149133421150834, 55.993465293194902 ], [ 12.149133596907582, 55.993469424120207 ], [ 12.149128156703528, 55.993477474417844 ], [ 12.149118758552879, 55.99348616529074 ], [ 12.149089281893602, 55.99350633725448 ], [ 12.149038396080792, 55.993541350621214 ], [ 12.148988608431511, 55.993601687804173 ], [ 12.148961879526352, 55.993639859477099 ], [ 12.148891038209719, 55.993766721640242 ], [ 12.148807575611619, 55.993823244650216 ], [ 12.148738067675101, 55.993877792729698 ], [ 12.148694787339453, 55.993895890085398 ], [ 12.148673503529551, 55.993918189954329 ], [ 12.148655554631613, 55.993922334610588 ], [ 12.148619760052235, 55.993935835498569 ], [ 12.148605917713697, 55.993951022838537 ], [ 12.148586255925379, 55.993971573128995 ], [ 12.148567306279114, 55.994016648015901 ], [ 12.14850042400222, 55.994069960140813 ], [ 12.148415223313945, 55.994134708218574 ], [ 12.148379342888797, 55.99415504365367 ], [ 12.148362157213226, 55.994156741450617 ], [ 12.148341150678085, 55.994154850974269 ], [ 12.148324832060526, 55.994161291326911 ], [ 12.148312780027181, 55.994178770288265 ], [ 12.148299604413676, 55.994241587741357 ], [ 12.148213478238421, 55.994332430421537 ], [ 12.148180026972195, 55.994378684920036 ], [ 12.148150657642216, 55.994396246787815 ], [ 12.148118514555456, 55.994436894016857 ], [ 12.148075306781081, 55.994457866097719 ], [ 12.148027729775301, 55.994494142967241 ], [ 12.147932229585946, 55.994550613331285 ], [ 12.147854010954493, 55.994580930554569 ], [ 12.14781240901039, 55.994594040178114 ], [ 12.147778587560541, 55.994586453713595 ], [ 12.147735152732769, 55.994602666753465 ], [ 12.147706777134681, 55.994608785777075 ], [ 12.147681338428917, 55.994603682115418 ], [ 12.147656206223303, 55.994602346431535 ], [ 12.147634796441627, 55.994619165403655 ], [ 12.147613971834227, 55.994649094869146 ], [ 12.147590751967559, 55.994673242006051 ], [ 12.147554153757179, 55.994708429079246 ], [ 12.147532680979406, 55.99473630738165 ], [ 12.147503514942875, 55.994754403294472 ], [ 12.147463349753536, 55.994783208645437 ], [ 12.147399616899147, 55.994812166579358 ], [ 12.147277530603874, 55.994849447646253 ], [ 12.147252605250435, 55.994862490644266 ], [ 12.147241271741924, 55.994875006616454 ], [ 12.147228090728051, 55.994890446594198 ], [ 12.147217166257239, 55.994909964339122 ], [ 12.147210330343476, 55.994926500826693 ], [ 12.147208324555047, 55.994937340104229 ], [ 12.147195077839124, 55.994951972653446 ], [ 12.147140451159899, 55.99496667337214 ], [ 12.147132224260522, 55.994977941269568 ], [ 12.147101289276019, 55.994994014562643 ], [ 12.147068503668063, 55.99499916728368 ], [ 12.146995868479268, 55.995015316862215 ], [ 12.146890248455675, 55.99505784063021 ], [ 12.146840163739153, 55.99508105562375 ], [ 12.146795610405642, 55.995111141533897 ], [ 12.146707452478466, 55.99515142110473 ], [ 12.146643598198116, 55.995196653684189 ], [ 12.146590678443948, 55.995234325028306 ], [ 12.146559611716576, 55.995248783338383 ], [ 12.146526820586891, 55.995263735183471 ], [ 12.146480461764508, 55.995291349877263 ], [ 12.146396613076254, 55.995378716805696 ], [ 12.146350378033715, 55.995407856590447 ], [ 12.146325678141084, 55.995423680541272 ], [ 12.14629733329916, 55.995442024880475 ], [ 12.146294453895244, 55.995451987446451 ], [ 12.146281981484437, 55.995484040768901 ], [ 12.146216968345119, 55.995524897592382 ], [ 12.146116526333328, 55.995601540432006 ], [ 12.146044700018995, 55.995631603312553 ], [ 12.145999779968527, 55.995653247654715 ], [ 12.145971729643668, 55.995691002850805 ], [ 12.145926731935164, 55.995725504885534 ], [ 12.145857784779922, 55.995745605102449 ], [ 12.14579120416453, 55.995775084379467 ], [ 12.145766597710686, 55.995825607324953 ], [ 12.145729725049224, 55.995847585482807 ], [ 12.145712671264755, 55.995858808956953 ], [ 12.145691456869121, 55.995878049885185 ], [ 12.145674172271788, 55.995900247078097 ], [ 12.145657849247838, 55.995928353133166 ], [ 12.145628351114599, 55.995970010920097 ], [ 12.145609305920328, 55.995994230860951 ], [ 12.145554615897106, 55.996031857026217 ], [ 12.145492148817478, 55.9961178682587 ], [ 12.145244787506531, 55.996293465680161 ], [ 12.145209568409243, 55.996329875393918 ], [ 12.145210619540824, 55.996348727608762 ], [ 12.145202095245155, 55.996370161682293 ], [ 12.145166065915157, 55.996392657530144 ], [ 12.145104136778968, 55.996441885614701 ], [ 12.144997259412692, 55.996528221176419 ], [ 12.144897850134962, 55.996588025238303 ], [ 12.144828502174882, 55.996617035200828 ], [ 12.144746297354082, 55.996651677411627 ], [ 12.144694917787064, 55.996653078780568 ], [ 12.144632094623242, 55.99666960575447 ], [ 12.144604752322124, 55.996688463489463 ], [ 12.14453509516477, 55.996743282532861 ], [ 12.144494699083291, 55.996765350226696 ], [ 12.144408091480075, 55.996801093477806 ], [ 12.14433933875369, 55.996825592951652 ], [ 12.144245918336781, 55.996850542136244 ], [ 12.144146529157601, 55.996863237346268 ], [ 12.1440168733528, 55.99690421432031 ], [ 12.143935273063986, 55.996952235670491 ], [ 12.143841300040563, 55.996984210855871 ], [ 12.143754931874586, 55.997022914227358 ], [ 12.143683252246953, 55.997041015196054 ], [ 12.143607028566784, 55.997088090024128 ], [ 12.143532512780544, 55.997120647296988 ], [ 12.143488391590882, 55.997154137114812 ], [ 12.143386087218, 55.997196123631369 ], [ 12.143266425173673, 55.997275232174665 ], [ 12.143155718747028, 55.997342155396574 ], [ 12.14304848773436, 55.997388672416143 ], [ 12.142965122380481, 55.99742091569189 ], [ 12.142893734976941, 55.997458427161959 ], [ 12.142839873234303, 55.997462857765655 ], [ 12.14277093029151, 55.997433690797344 ], [ 12.142739574165743, 55.997426849143338 ], [ 12.142700412430319, 55.997440434122431 ], [ 12.142647797361036, 55.997466139174875 ], [ 12.142584999396732, 55.997467201605289 ], [ 12.142522094045701, 55.99748471846771 ], [ 12.142496387021922, 55.99750002789412 ], [ 12.142374560820798, 55.997507090824563 ], [ 12.142306284983507, 55.997523665750784 ], [ 12.142104506260447, 55.997575380245188 ], [ 12.141979292081052, 55.997617770031447 ], [ 12.141967003384794, 55.997636333146552 ], [ 12.141954998979863, 55.997660372917267 ], [ 12.141961856215255, 55.997687527677584 ], [ 12.141998609090066, 55.997743047663192 ], [ 12.142029449409479, 55.997757364371751 ], [ 12.142038110086007, 55.997771167918209 ], [ 12.142022859072833, 55.997782884276802 ], [ 12.14196906943293, 55.997786233851421 ], [ 12.14188341645059, 55.997808106295423 ], [ 12.141836286000659, 55.997822343704748 ], [ 12.141780948144282, 55.997846140002281 ], [ 12.14173570381389, 55.997877679995064 ], [ 12.141706083461493, 55.997917901468284 ], [ 12.141681992654775, 55.997949171720258 ], [ 12.141646841393992, 55.997984499809093 ], [ 12.141606922129526, 55.998000620945788 ], [ 12.141493435329588, 55.998031383756526 ], [ 12.141415057317174, 55.998040124749132 ], [ 12.141387988176151, 55.998048546355484 ], [ 12.141331057630071, 55.998092250971695 ], [ 12.141241642443287, 55.99812707459148 ], [ 12.141122357009099, 55.998181269015625 ], [ 12.141014960833836, 55.998223832800264 ], [ 12.140977246451975, 55.998247359219626 ], [ 12.140933673541145, 55.998261955074746 ], [ 12.140898796095859, 55.998271025132532 ], [ 12.140770288615636, 55.998304507586234 ], [ 12.140697928641073, 55.998326130207772 ], [ 12.14058419971739, 55.998351953824361 ], [ 12.140494774968953, 55.998368887014351 ], [ 12.14038365093273, 55.998395183443371 ], [ 12.140302274261941, 55.998412450751879 ], [ 12.140245566201994, 55.998429269053013 ], [ 12.14010331892573, 55.998465438395748 ], [ 12.139772018167809, 55.998532316800123 ], [ 12.139477325698699, 55.998571920750599 ], [ 12.139191364239243, 55.998580735520306 ], [ 12.138847893079745, 55.998596498691519 ], [ 12.138716500601257, 55.998590496459308 ], [ 12.138611683440322, 55.998571950291677 ], [ 12.138566449887183, 55.998552245796155 ], [ 12.138553620445737, 55.998516702518323 ], [ 12.138471252735098, 55.998464411250957 ], [ 12.13838358044061, 55.998451541351614 ], [ 12.138319805574175, 55.99845442446648 ], [ 12.13824128770751, 55.998439703081452 ], [ 12.138188944916154, 55.998431237234698 ], [ 12.138120120053687, 55.998403503081654 ], [ 12.138003427750709, 55.99838687707507 ], [ 12.137957896135516, 55.998391183249055 ], [ 12.137907416298098, 55.998387884034571 ], [ 12.137838933670517, 55.998364366310518 ], [ 12.137763996643519, 55.998332472432189 ], [ 12.137664813501051, 55.998280518997568 ], [ 12.137621218454544, 55.998239466144405 ], [ 12.137561083107506, 55.998202160797383 ], [ 12.137428914416054, 55.998156890694524 ], [ 12.137266372416242, 55.998112933281718 ], [ 12.137139275245005, 55.998102504818398 ], [ 12.137073106359285, 55.99811740494679 ], [ 12.137032783938205, 55.998158257323716 ], [ 12.137014467280023, 55.998181648189338 ], [ 12.136971446604372, 55.998177349571868 ], [ 12.136914033736549, 55.998134041203336 ], [ 12.136812880538233, 55.998073596768897 ], [ 12.136613362346683, 55.997947512381906 ], [ 12.136558983475393, 55.997929748098016 ], [ 12.136498375777606, 55.99791034436425 ], [ 12.136454280781894, 55.997859145153825 ], [ 12.136445362982272, 55.99778673302886 ], [ 12.136469655472693, 55.997734152438788 ], [ 12.136392843545726, 55.997698889288934 ], [ 12.136352641265169, 55.997662064838821 ], [ 12.136314410616261, 55.997633730679652 ], [ 12.136231844189011, 55.997578925837161 ], [ 12.136132228960298, 55.997517632624955 ], [ 12.135983901986608, 55.997482751221717 ], [ 12.135923631241187, 55.997443740457612 ], [ 12.1358282360064, 55.997402836779294 ], [ 12.135748767117301, 55.997400094740513 ], [ 12.135657613187732, 55.997377872067034 ], [ 12.13557017332532, 55.997316358440592 ], [ 12.135441342110436, 55.997278552925522 ], [ 12.135335839841488, 55.997245547587426 ], [ 12.135341409191001, 55.997211333790496 ], [ 12.135332835337035, 55.997143138153262 ], [ 12.135220966719212, 55.997106788640728 ], [ 12.135145799339377, 55.997099711462724 ], [ 12.135056937365167, 55.997091903918552 ], [ 12.135020105569009, 55.997061016583665 ], [ 12.134900374087657, 55.996994930200387 ], [ 12.134876118268528, 55.996945023649012 ], [ 12.134773891238229, 55.996918766900826 ], [ 12.134720045031193, 55.996909528770715 ], [ 12.134635036548925, 55.996864134628652 ], [ 12.134574523749468, 55.996794383630707 ], [ 12.134555005054398, 55.996749480791401 ], [ 12.134513033018289, 55.996682854039072 ], [ 12.134489153024209, 55.996665301816407 ], [ 12.134423448217293, 55.99663838528997 ], [ 12.134327029172352, 55.996610542023923 ], [ 12.134283386178657, 55.99659259354501 ], [ 12.134249761479516, 55.996589403466217 ], [ 12.134192122530136, 55.996600668872127 ], [ 12.134163343550439, 55.996601850490777 ], [ 12.134130971119596, 55.996592335531531 ], [ 12.134101488818221, 55.99657097015919 ], [ 12.134050330580854, 55.996541435894649 ], [ 12.133982539044505, 55.99650459333693 ], [ 12.133951877942806, 55.996484516514904 ], [ 12.133928324389034, 55.996478912567078 ], [ 12.133895413504863, 55.996470669842992 ], [ 12.133888203355053, 55.996462852159979 ], [ 12.133877277477207, 55.996432923726111 ], [ 12.133839049393583, 55.996408544365082 ], [ 12.133756333182946, 55.996379543010626 ], [ 12.133675092246362, 55.996366775953213 ], [ 12.133604947534618, 55.996358311505944 ], [ 12.133537232677657, 55.996354100410784 ], [ 12.13347124369492, 55.996339506899751 ], [ 12.133388263800008, 55.996327053583165 ], [ 12.133334921294766, 55.996314116157912 ], [ 12.133201361421952, 55.996308972377832 ], [ 12.133154558503938, 55.996311421237039 ], [ 12.133094009057469, 55.99632240054833 ], [ 12.133002076370934, 55.99633013241349 ], [ 12.132953692690494, 55.996344757872762 ], [ 12.132923399615837, 55.9963510120973 ], [ 12.132845926105526, 55.99635307206708 ], [ 12.132802644674483, 55.996357409041124 ], [ 12.132700385379563, 55.996372325553374 ], [ 12.132668441726178, 55.996370081200425 ], [ 12.132634308032312, 55.996366544027758 ], [ 12.132593697152576, 55.996370183725126 ], [ 12.132514133412894, 55.996384073509716 ], [ 12.132469562754398, 55.996396264430061 ], [ 12.132462670340601, 55.996406238754041 ], [ 12.132456170416184, 55.996419079892682 ], [ 12.132449969172812, 55.996429665941271 ], [ 12.132440814079303, 55.996437450297755 ], [ 12.132424164357511, 55.996443807009157 ], [ 12.132403826338443, 55.996444234205249 ], [ 12.132349653273158, 55.996438869057322 ], [ 12.132331121002807, 55.996431878545927 ], [ 12.132319450280065, 55.996426421678336 ], [ 12.132310354816658, 55.996425034727288 ], [ 12.132293349533361, 55.996425017573628 ], [ 12.132244654753029, 55.996425895986334 ], [ 12.132229533542761, 55.99642933701648 ], [ 12.132220509124314, 55.996438736230417 ], [ 12.132224480614594, 55.996448164641485 ], [ 12.132224602494272, 55.996459578819362 ], [ 12.132212544034511, 55.996467167272492 ], [ 12.132190334864625, 55.996474204690578 ], [ 12.132145772537589, 55.996478573995255 ], [ 12.132086801913065, 55.996487265169826 ], [ 12.132056131287595, 55.996486876189721 ], [ 12.132038544055803, 55.996485615197543 ], [ 12.132016363889681, 55.996493011445544 ], [ 12.132002573817074, 55.996499025701596 ], [ 12.131997616154111, 55.996513086203912 ], [ 12.131989639965989, 55.996519581958196 ], [ 12.13194456066843, 55.99652549262786 ], [ 12.131889998363047, 55.996541083826131 ], [ 12.131879773363565, 55.996549524635341 ], [ 12.131870951819121, 55.996563413654876 ], [ 12.131853507779157, 55.996575813765716 ], [ 12.131845444082497, 55.996583210732602 ], [ 12.13183582868219, 55.996601165420465 ], [ 12.131821980116181, 55.996608439739404 ], [ 12.131793048551195, 55.996607736785762 ], [ 12.131766735766698, 55.996611642046098 ], [ 12.131758119177499, 55.996618154063327 ], [ 12.131752579498329, 55.996630970751639 ], [ 12.131731773592049, 55.996643456301548 ], [ 12.13169286935949, 55.996664223175294 ], [ 12.131671211129614, 55.996682034467632 ], [ 12.131658429524402, 55.996704474711457 ], [ 12.131661912701434, 55.996717781242381 ], [ 12.131688650889005, 55.996736969439546 ], [ 12.131704903976525, 55.996753457461381 ], [ 12.131707223346348, 55.996764276380027 ], [ 12.131697375484386, 55.996779360170741 ], [ 12.131657676896694, 55.996806170508833 ], [ 12.131613816353292, 55.996831108828367 ], [ 12.131608044249051, 55.996841054623332 ], [ 12.131612735851885, 55.996851453645824 ], [ 12.131628683996775, 55.996864173637647 ], [ 12.13165169602512, 55.996886872749265 ], [ 12.131665167539495, 55.996914579054945 ], [ 12.131677058274889, 55.996952484217545 ], [ 12.131705337710722, 55.996980803014942 ], [ 12.131714459263764, 55.997000349107104 ], [ 12.131707135413539, 55.99702085262637 ], [ 12.131704577527072, 55.997042763295099 ], [ 12.131713740959718, 55.997072736698705 ], [ 12.13170992971583, 55.997104927802937 ], [ 12.131718065250411, 55.997145985008871 ], [ 12.131745527190617, 55.997189967142617 ], [ 12.131745574971232, 55.997208395385378 ], [ 12.1317346278462, 55.997225754614306 ], [ 12.131721978512445, 55.997239920718378 ], [ 12.131724698311389, 55.997249740560271 ], [ 12.131725989803151, 55.99727164328047 ], [ 12.131714533342416, 55.997288655854845 ], [ 12.131686027972993, 55.997303135099891 ], [ 12.131668460450483, 55.997312032225061 ], [ 12.131660447055035, 55.997322034991853 ], [ 12.131660781068563, 55.997326161891912 ], [ 12.131662402022922, 55.997336279365456 ], [ 12.131670513654125, 55.997347310651932 ], [ 12.13168729502188, 55.997382214706739 ], [ 12.131695847221094, 55.997412563247437 ], [ 12.131699117181078, 55.997439090465825 ], [ 12.131686850566629, 55.997469878297117 ], [ 12.131679019017628, 55.997480146141584 ], [ 12.131651553904199, 55.997495587831828 ], [ 12.131628448171957, 55.997507412615981 ], [ 12.131612334835504, 55.997522385953822 ], [ 12.131596997730377, 55.99755091442637 ], [ 12.131575588256794, 55.99759955499502 ], [ 12.131555536231616, 55.997625326511347 ], [ 12.131521236535502, 55.997649482368246 ], [ 12.131490609498815, 55.997685321737492 ], [ 12.131445770689307, 55.997721971815011 ], [ 12.131372273136629, 55.997773194838011 ], [ 12.131329640873473, 55.997799450314226 ], [ 12.131262928535111, 55.997831442064587 ], [ 12.13114146320566, 55.997874714268391 ], [ 12.131063944627641, 55.997905991640877 ], [ 12.131005963920325, 55.997938840140918 ], [ 12.130958679810838, 55.997973034978855 ], [ 12.130939626303869, 55.997987363741117 ], [ 12.130891841928273, 55.99801141259217 ], [ 12.130868715405949, 55.998015056876127 ], [ 12.130832542002072, 55.998016066007381 ], [ 12.130795514237205, 55.998032289896649 ], [ 12.130737667276032, 55.998048952910324 ], [ 12.130690038658511, 55.99805708546657 ], [ 12.130659312442344, 55.998073868385866 ], [ 12.130631610667274, 55.998104239207592 ], [ 12.130605294372494, 55.998120011058873 ], [ 12.130578572352388, 55.998126803239053 ], [ 12.130534517635477, 55.998129540837176 ], [ 12.130510379643987, 55.99813258145474 ], [ 12.130499513563556, 55.998141038426979 ], [ 12.130493055864756, 55.998156395566184 ], [ 12.130483462850711, 55.998166708084248 ], [ 12.130480682813943, 55.998168037317889 ], [ 12.130468012553964, 55.99817402293624 ], [ 12.130443082133898, 55.998173217985865 ], [ 12.130434511763257, 55.998164445771302 ], [ 12.130420802719129, 55.998161557704364 ], [ 12.130397094570951, 55.998161980285303 ], [ 12.130376260007806, 55.998166195538701 ], [ 12.13034971170643, 55.998177118642225 ], [ 12.130303259503625, 55.998195829324182 ], [ 12.13029402372697, 55.9982026266605 ], [ 12.130291298868611, 55.998218518244805 ], [ 12.13029409740226, 55.998233280598093 ], [ 12.130247372420719, 55.998268449839131 ], [ 12.130202721717614, 55.998301498667288 ], [ 12.130199795253469, 55.998306967002115 ], [ 12.130198751948523, 55.998319849170194 ], [ 12.130203559497517, 55.998331683691767 ], [ 12.130201789140658, 55.998341527740791 ], [ 12.130169884606538, 55.998353665682238 ], [ 12.130076547044961, 55.998371859346342 ], [ 12.130047729453706, 55.998376547052743 ], [ 12.130030422768211, 55.998386695900614 ], [ 12.130025568322958, 55.998390145517483 ], [ 12.13002356567331, 55.998397118673473 ], [ 12.130023185727618, 55.998404320303869 ], [ 12.130004606386267, 55.99841063579143 ], [ 12.12998810227198, 55.998410875274317 ], [ 12.129937003510262, 55.998411813810854 ], [ 12.129932899146514, 55.998412637276758 ], [ 12.12991445810696, 55.99841867953787 ], [ 12.129901554148047, 55.998427727622769 ], [ 12.129888755593051, 55.998453943874907 ], [ 12.129871207610579, 55.998469043313619 ], [ 12.129857685888647, 55.998474421198509 ], [ 12.129837789885636, 55.998478342815545 ], [ 12.12981745075378, 55.99847876959727 ], [ 12.129798166961422, 55.998478360469306 ], [ 12.12977095106503, 55.998479051833847 ], [ 12.1297375201093, 55.998482238463673 ], [ 12.129704277828415, 55.99848775768406 ], [ 12.129696243240597, 55.998491557769412 ], [ 12.129681716057497, 55.998502355158195 ], [ 12.129651800320019, 55.998503384776924 ], [ 12.129642923045939, 55.998500733485315 ], [ 12.129638834955772, 55.998493825152707 ], [ 12.129652189808619, 55.998486383837822 ], [ 12.12966526933846, 55.998473555532442 ], [ 12.129671035359044, 55.998461542301904 ], [ 12.129672952319936, 55.998447559151771 ], [ 12.129657730705935, 55.998439854837308 ], [ 12.129655467628323, 55.998439642624732 ], [ 12.129614955412613, 55.99844651518778 ], [ 12.129585628954342, 55.998480612915351 ], [ 12.129571552550658, 55.998493017035116 ], [ 12.129490223221888, 55.998534728643378 ], [ 12.12946709172015, 55.998558150719106 ], [ 12.129453001191251, 55.998568397590184 ], [ 12.129447905396546, 55.998576797797213 ], [ 12.129451928157311, 55.99861463329313 ], [ 12.129498174209507, 55.998738149514466 ], [ 12.129502838822416, 55.998801769920334 ], [ 12.129500511815667, 55.998826551445852 ], [ 12.12949417152198, 55.998835432763656 ], [ 12.129474078918074, 55.998838909813905 ], [ 12.129464050982094, 55.998839883723818 ], [ 12.129438232593516, 55.998838022322523 ], [ 12.129360549817763, 55.998809789143557 ], [ 12.129150310742778, 55.998683785459725 ], [ 12.129135975268071, 55.998683070751177 ], [ 12.129113242325968, 55.998681670318476 ], [ 12.129100740918705, 55.998679830228909 ], [ 12.129085430840316, 55.998676982674269 ], [ 12.128923721942721, 55.998706710933121 ], [ 12.128894211826328, 55.998714742239528 ], [ 12.12888640201936, 55.998721323451896 ], [ 12.128872077182598, 55.998736610586 ], [ 12.128863626988569, 55.998743208059729 ], [ 12.128845935793201, 55.998746624022637 ], [ 12.128821586879383, 55.998747062567318 ], [ 12.12878817352416, 55.998736583736502 ], [ 12.128763542165185, 55.998731545561938 ], [ 12.128739745601788, 55.998734846853566 ], [ 12.128725109727737, 55.998742320596236 ], [ 12.128709731902825, 55.998748554582782 ], [ 12.12865042230651, 55.998757072858766 ], [ 12.128598295685791, 55.99876316121528 ], [ 12.128556386103842, 55.99876863051125 ], [ 12.128530945523735, 55.998769456317426 ], [ 12.128496118380262, 55.998767284077765 ], [ 12.128467279535471, 55.998767746662431 ], [ 12.128432144188995, 55.998775650993579 ], [ 12.128418068824404, 55.998782121569946 ], [ 12.128411423617571, 55.998787234784913 ], [ 12.128407943026431, 55.998795773731722 ], [ 12.128395850021684, 55.998818825408392 ], [ 12.128378208002554, 55.998828802730038 ], [ 12.128354890102607, 55.998838025169945 ], [ 12.128347620023545, 55.998839378461511 ], [ 12.128338086849157, 55.998840519516051 ], [ 12.128329114262637, 55.998840657439665 ], [ 12.128323373106578, 55.998839095119607 ], [ 12.12831350830003, 55.998828198037685 ], [ 12.128295149154889, 55.998825337903561 ], [ 12.128268865045209, 55.998823667882228 ], [ 12.128199286858361, 55.998834154755755 ], [ 12.128147851730906, 55.998838876867197 ], [ 12.128088020148011, 55.998838957553708 ], [ 12.127971238164641, 55.998841023484175 ], [ 12.127920458946189, 55.998841953062453 ], [ 12.12789204954991, 55.99884177531122 ], [ 12.127870342397898, 55.998841157702998 ], [ 12.12783665925163, 55.998833292555538 ], [ 12.127791569605382, 55.998811333028577 ], [ 12.127432165220736, 55.998735231716815 ], [ 12.127282325374381, 55.998707390451145 ], [ 12.127176142399133, 55.99869767944957 ], [ 12.127061821570706, 55.998670644475204 ], [ 12.127018452135101, 55.998665991640621 ], [ 12.126938965981472, 55.998665042318109 ], [ 12.126928072290307, 55.998665228897259 ], [ 12.126899190570025, 55.998663175014158 ], [ 12.126868410637956, 55.998657483414981 ], [ 12.126713515347927, 55.99860082209338 ], [ 12.126670155064893, 55.99859032543052 ], [ 12.126608368250569, 55.99858407214974 ], [ 12.12658305883077, 55.998584534627575 ], [ 12.126573155325431, 55.998583077854754 ], [ 12.126559010220408, 55.99857876203189 ], [ 12.126554812720187, 55.998574463469595 ], [ 12.126542436486503, 55.998544391468258 ], [ 12.126486420430194, 55.998490434792195 ], [ 12.126390691567055, 55.998445307092268 ], [ 12.126278216478999, 55.998407346718913 ], [ 12.126184932757656, 55.998386519612282 ], [ 12.126156663281073, 55.998382112633827 ], [ 12.126141026711547, 55.998377205310938 ], [ 12.126119231846479, 55.998355643016978 ], [ 12.126114503398872, 55.998350728615215 ], [ 12.126068723893251, 55.998351980077317 ], [ 12.126048366157015, 55.998342248054271 ], [ 12.12603436616549, 55.998339726483024 ], [ 12.126013029608965, 55.998341706236879 ], [ 12.126012069047855, 55.998341730608573 ], [ 12.126004631002486, 55.998344975915174 ], [ 12.125989631055955, 55.99835191916744 ], [ 12.125977944225678, 55.9983522156869 ], [ 12.125968828036131, 55.998346603509425 ], [ 12.125941256971339, 55.998342897958857 ], [ 12.125936112233687, 55.998342758791033 ], [ 12.125891473856699, 55.998348206515658 ], [ 12.125838848061388, 55.998367971107946 ], [ 12.125792975140479, 55.998387923951434 ], [ 12.125791314938466, 55.998391202456801 ], [ 12.125790359060197, 55.998399227771237 ], [ 12.125790210257689, 55.99840930030026 ], [ 12.125784350093012, 55.998416191444534 ], [ 12.125774314914494, 55.99841707533831 ], [ 12.125754571991479, 55.998418924715899 ], [ 12.125729139615824, 55.998439707445236 ], [ 12.125721322069246, 55.998446198747111 ], [ 12.125707406451811, 55.998452664956375 ], [ 12.12568947462904, 55.998457075463861 ], [ 12.12566958349451, 55.998467019550048 ], [ 12.125654574896915, 55.998477828661422 ], [ 12.125640049815605, 55.998478736550368 ], [ 12.125577314079251, 55.998504421181117 ], [ 12.125559206323206, 55.998512611914578 ], [ 12.1255496336373, 55.998523193211327 ], [ 12.125510095659392, 55.998552065093527 ], [ 12.12549198655516, 55.998564211432146 ], [ 12.125457541861213, 55.99857272668514 ], [ 12.125345496688755, 55.99859966205242 ], [ 12.125335029904049, 55.998607119526731 ], [ 12.125338949902153, 55.998613942356087 ], [ 12.125338627058373, 55.998621861707825 ], [ 12.125337933960363, 55.998627183364164 ], [ 12.125329264444371, 55.998635044744816 ], [ 12.1253151688519, 55.998635312402783 ], [ 12.125299901867773, 55.998634980476211 ], [ 12.125262311903438, 55.998626404639758 ], [ 12.125244599352573, 55.998627573134009 ], [ 12.125217781126093, 55.99863517566866 ], [ 12.12519548110766, 55.998645090878675 ], [ 12.125157504920706, 55.998659539095783 ], [ 12.125130083854796, 55.998663650818962 ], [ 12.125088863598325, 55.998673686322057 ], [ 12.125043824812341, 55.998678154993264 ], [ 12.125023208780451, 55.99867912740141 ], [ 12.124967413681691, 55.99870733265363 ], [ 12.124939446377157, 55.998712626882444 ], [ 12.124898054173791, 55.998714575721351 ], [ 12.124877527128831, 55.998710691271803 ], [ 12.124847116971187, 55.998709574669526 ], [ 12.12482938194103, 55.99871245176498 ], [ 12.124813486968131, 55.998718248874731 ], [ 12.124801515698618, 55.998740847583946 ], [ 12.124742542641716, 55.998741624068593 ], [ 12.124715827061198, 55.998746526901549 ], [ 12.124655099490052, 55.998749415531087 ], [ 12.124627960168937, 55.998759003867711 ], [ 12.124592453800036, 55.998764309414852 ], [ 12.124579964948172, 55.99876858171946 ], [ 12.124556259348777, 55.998780959744181 ], [ 12.124516714014717, 55.998827631588547 ], [ 12.1244777204433, 55.998857298412908 ], [ 12.124452672488637, 55.998878880211088 ], [ 12.124431297901712, 55.998884366731893 ], [ 12.124428712502406, 55.998890095966694 ], [ 12.124416464233965, 55.998913241055881 ], [ 12.124399356528384, 55.998931834598231 ], [ 12.124391778447885, 55.998939308633133 ], [ 12.124307812167622, 55.998990163448205 ], [ 12.124301057706203, 55.99899393071064 ], [ 12.124296660507349, 55.998999076589428 ], [ 12.124299000418283, 55.999008187006019 ], [ 12.12430591792967, 55.999016372247063 ], [ 12.124317313049291, 55.999018420674503 ], [ 12.124332281007414, 55.999021007796095 ], [ 12.124343261755733, 55.999021898035004 ], [ 12.124361061455255, 55.999021806257822 ], [ 12.12437291584693, 55.999021595545237 ], [ 12.124386057544307, 55.999023419876245 ], [ 12.124400194624901, 55.999029624041235 ], [ 12.124401384906472, 55.999038404011486 ], [ 12.124395688898463, 55.999053291980289 ], [ 12.124365653552401, 55.99914224508457 ], [ 12.124345735821782, 55.999183654457596 ], [ 12.124296120334442, 55.99922482801292 ], [ 12.124261636407155, 55.999238827785085 ], [ 12.124231926403512, 55.999252346894266 ], [ 12.124198216100634, 55.999260034063816 ], [ 12.124161537094896, 55.999266717706917 ], [ 12.124139839162803, 55.999280123530632 ], [ 12.12411542534864, 55.999297643694383 ], [ 12.124068331908832, 55.999346214861887 ], [ 12.123980390852958, 55.999397529816164 ], [ 12.123949980818598, 55.999414302986246 ], [ 12.123893379087193, 55.999434527119178 ], [ 12.123785004580411, 55.999463255834932 ], [ 12.1237425617604, 55.999470085483949 ], [ 12.123715249356451, 55.999473564830019 ], [ 12.123690273982511, 55.999474198034378 ], [ 12.123664818311889, 55.999474843410532 ], [ 12.123610250671454, 55.999484497597628 ], [ 12.12355722453969, 55.999497349062061 ], [ 12.123532966950899, 55.99950488629878 ], [ 12.123493706233496, 55.999525299913152 ], [ 12.123478143137069, 55.999537201595139 ], [ 12.123464007950982, 55.999544931698743 ], [ 12.123434083185737, 55.999547847911231 ], [ 12.123406145547159, 55.999549545047856 ], [ 12.123375788888282, 55.999559034858244 ], [ 12.123336355740607, 55.999573339625805 ], [ 12.123287594128914, 55.999585363668864 ], [ 12.12325660425795, 55.999594959400277 ], [ 12.123226170940015, 55.9995955510662 ], [ 12.123186976393125, 55.999594926420599 ], [ 12.12315790922522, 55.999600517810684 ], [ 12.123117657871649, 55.999622574602938 ], [ 12.123079019370666, 55.999632813665826 ], [ 12.123022393347135, 55.999638833884042 ], [ 12.122974265489939, 55.99964877404814 ], [ 12.122880774052291, 55.999671101439873 ], [ 12.122789480451424, 55.999692833656617 ], [ 12.122735632324016, 55.999703458106218 ], [ 12.122698617950652, 55.999709970004794 ], [ 12.122623480510015, 55.999711245036195 ], [ 12.122522973290094, 55.999716219564412 ], [ 12.122504539292345, 55.999718394834332 ], [ 12.122484035246991, 55.999728713515097 ], [ 12.122446919437817, 55.999733969315216 ], [ 12.122429133876929, 55.999734240251655 ], [ 12.122414652488798, 55.999733708253565 ], [ 12.122396905565061, 55.999728494338811 ], [ 12.122395879803024, 55.999727711238926 ], [ 12.122391144408672, 55.999722706975732 ], [ 12.122383827323565, 55.999713542863653 ], [ 12.122371779653738, 55.999705397629484 ], [ 12.122317708677766, 55.999691395089151 ], [ 12.122306183135215, 55.999687731590321 ], [ 12.122291082270035, 55.999689462763122 ], [ 12.122285089333573, 55.99969869447915 ], [ 12.122248724981377, 55.999699346304006 ], [ 12.122182808327711, 55.999681688312613 ], [ 12.122178456678, 55.999681438988617 ], [ 12.12217124495427, 55.999681531838903 ], [ 12.12215030480133, 55.999690423123077 ], [ 12.122129417793666, 55.999694008988911 ], [ 12.12209757243169, 55.999694995753877 ], [ 12.122072895357086, 55.999695351370455 ], [ 12.122054876484611, 55.999696706958538 ], [ 12.122025150865714, 55.99971004611568 ], [ 12.121991401011885, 55.999723217537685 ], [ 12.121905654317274, 55.999722243774599 ], [ 12.121877090552164, 55.999724136225467 ], [ 12.12185344004612, 55.999723297093524 ], [ 12.12182728198043, 55.999715239637965 ], [ 12.121792511359496, 55.999715761046602 ], [ 12.12177130192754, 55.999707398394264 ], [ 12.121744174361066, 55.999703231162101 ], [ 12.121683201047958, 55.999715024572581 ], [ 12.121644344900982, 55.999722571709732 ], [ 12.121629115827062, 55.999734644484697 ], [ 12.121610307487465, 55.999744110958886 ], [ 12.121588190267001, 55.999748357196538 ], [ 12.121542813395607, 55.999756608905429 ], [ 12.121487912694572, 55.999760157415238 ], [ 12.121471895448922, 55.999760473312207 ], [ 12.121455100277061, 55.999759100826417 ], [ 12.121429093406052, 55.999754905132257 ], [ 12.121400728468155, 55.999751308569323 ], [ 12.121352544724308, 55.999754596949522 ], [ 12.121279322241053, 55.999769667157274 ], [ 12.121216651838312, 55.999784290208318 ], [ 12.121187302835576, 55.999784404401787 ], [ 12.121160085797879, 55.99978509387654 ], [ 12.121132589354028, 55.999792263181725 ], [ 12.121103885349154, 55.999798384277348 ], [ 12.12105309472792, 55.999805154754277 ], [ 12.121037949450809, 55.999808325287681 ], [ 12.121017681841991, 55.999809647786797 ], [ 12.120970583389452, 55.999810481239983 ], [ 12.120931169751922, 55.999811120015259 ], [ 12.120801003582564, 55.999808393858068 ], [ 12.120777796264196, 55.999809071583421 ], [ 12.12074849065692, 55.999809723969278 ], [ 12.12068946601905, 55.999791980516633 ], [ 12.120676223809406, 55.99978692195706 ], [ 12.120645483648492, 55.999789678339972 ], [ 12.120621800565333, 55.999796391346585 ], [ 12.120597193052575, 55.999803577259279 ], [ 12.120557364235415, 55.999805035525092 ], [ 12.120515943462479, 55.999802668423285 ], [ 12.120479010054005, 55.999790298722758 ], [ 12.120451706163358, 55.99978991144755 ], [ 12.120426384101284, 55.999784259808479 ], [ 12.120373563715887, 55.999773820725544 ], [ 12.120306899624246, 55.999768766585134 ], [ 12.120286509003503, 55.999768563789409 ], [ 12.120264083254121, 55.999763018566341 ], [ 12.120235875885085, 55.999749438913113 ], [ 12.120214277749209, 55.999748187892976 ], [ 12.120179424697186, 55.999753655399459 ], [ 12.120147222841688, 55.999754201189539 ], [ 12.120119795980591, 55.999752288665569 ], [ 12.12007174885281, 55.999743346766216 ], [ 12.120012625894143, 55.9997343257251 ], [ 12.119941653410955, 55.9997454724801 ], [ 12.119928138002155, 55.999748961201284 ], [ 12.119915968504689, 55.999753224933919 ], [ 12.119906228508309, 55.999759764529095 ], [ 12.11989072301655, 55.999770405690619 ], [ 12.11986769091512, 55.999785193010808 ], [ 12.119846770924566, 55.999796330868961 ], [ 12.119843597852972, 55.999796770813937 ], [ 12.11984026468083, 55.99979721481283 ], [ 12.119824342389256, 55.999796718996187 ], [ 12.119813252993712, 55.999794482613048 ], [ 12.119759728794763, 55.999795208613449 ], [ 12.119683094730759, 55.999805779378264 ], [ 12.119577645926721, 55.999825080716569 ], [ 12.119512498035213, 55.999844799983272 ], [ 12.119476603201207, 55.999867194746493 ], [ 12.119463281593415, 55.999890995766087 ], [ 12.119439139659459, 55.999927836447135 ], [ 12.119414025497942, 55.999958588580647 ], [ 12.119386167397785, 55.999975206079291 ], [ 12.119308708202833, 56.00000539555618 ], [ 12.119215240678304, 56.00003203468588 ], [ 12.119145096845276, 56.000043519589461 ], [ 12.11903155916885, 56.000054035288017 ], [ 12.1189588536103, 56.000065584934092 ], [ 12.118855743419259, 56.000092018385971 ], [ 12.118815904998666, 56.000097341998291 ], [ 12.118783994100415, 56.000097520465097 ], [ 12.118701521700645, 56.00008144838764 ], [ 12.118618266536254, 56.000073576908797 ], [ 12.118572850256511, 56.000071400182811 ], [ 12.118534450713915, 56.000080642854897 ], [ 12.118467251616327, 56.000110751895939 ], [ 12.11840562693766, 56.000126425817392 ], [ 12.118277965853832, 56.000160761999609 ], [ 12.118205944673687, 56.000170855484974 ], [ 12.118144593525246, 56.000191916309731 ], [ 12.118052540853023, 56.00022418238931 ], [ 12.117966314782027, 56.000233196824169 ], [ 12.117896501788973, 56.000236851393154 ], [ 12.117844154501816, 56.000226309354971 ], [ 12.117815503373775, 56.000227124274396 ], [ 12.117742223744976, 56.000249475636252 ], [ 12.117705918438062, 56.00027475702742 ], [ 12.117680046719896, 56.000290155171498 ], [ 12.117625824415724, 56.00030213531204 ], [ 12.117540620565341, 56.000317866026904 ], [ 12.117464655417244, 56.000312865882997 ], [ 12.117433582046724, 56.000311494517874 ], [ 12.117410005667441, 56.000307596077 ], [ 12.117389225465558, 56.000300570308049 ], [ 12.117381621109894, 56.000299773817197 ], [ 12.117351624030883, 56.000299813588597 ], [ 12.117325416680561, 56.000303083742814 ], [ 12.117300056426771, 56.000300938501475 ], [ 12.117264801927194, 56.000293469828421 ], [ 12.117201421006532, 56.000285364257273 ], [ 12.117172201688264, 56.000287092394295 ], [ 12.117094198326619, 56.000296617375071 ], [ 12.117052129195542, 56.000308109996716 ], [ 12.117004706530388, 56.000314883478019 ], [ 12.116984366214908, 56.000315308153972 ], [ 12.116942632090963, 56.000313037671937 ], [ 12.116926839711553, 56.000314156378749 ], [ 12.116846836148708, 56.000334699513942 ], [ 12.116774532369876, 56.000341293229106 ], [ 12.116723130914721, 56.000344481379692 ], [ 12.116655547379334, 56.000355900080812 ], [ 12.116631898263364, 56.000365038726201 ], [ 12.116602074055731, 56.000381165911158 ], [ 12.116586383397257, 56.000395497193651 ], [ 12.116565836240534, 56.000401320988097 ], [ 12.116542343281584, 56.000404432414491 ], [ 12.116532454110372, 56.000403154268959 ], [ 12.116522479327498, 56.000398821712977 ], [ 12.116515488697102, 56.000393694479854 ], [ 12.116511502787679, 56.00039001953153 ], [ 12.116503243562947, 56.000389059752358 ], [ 12.116480165874771, 56.000391351569561 ], [ 12.116424361452323, 56.000407596457414 ], [ 12.116401616174144, 56.000414015217999 ], [ 12.11638056311601, 56.000413558828427 ], [ 12.116368344659913, 56.000413238577593 ], [ 12.116346402126467, 56.000415681456253 ], [ 12.116243216233958, 56.000455149988753 ], [ 12.116173061665183, 56.000482455716423 ], [ 12.116131750342952, 56.000491411671412 ], [ 12.116101138194365, 56.000497759639735 ], [ 12.116081895683985, 56.000499864486372 ], [ 12.116054024278338, 56.000498411791355 ], [ 12.115991046754084, 56.000497307535596 ], [ 12.11594597349783, 56.000505369675132 ], [ 12.115923053524993, 56.000511612964836 ], [ 12.115873055788233, 56.000528250144107 ], [ 12.11584522921952, 56.000537314479594 ], [ 12.115820746589064, 56.000540091196996 ], [ 12.11578534189294, 56.000540716831644 ], [ 12.115759344916237, 56.000544610623002 ], [ 12.115747541707563, 56.000543470716018 ], [ 12.115743918263112, 56.000542303756475 ], [ 12.115734254211018, 56.000541828947078 ], [ 12.115718708503397, 56.000544020050185 ], [ 12.115707557858242, 56.000546999002609 ], [ 12.115694659362093, 56.000552179734797 ], [ 12.115675759837767, 56.000552567758383 ], [ 12.115645202758738, 56.000551632380592 ], [ 12.115628636304354, 56.000557085656659 ], [ 12.115604594360258, 56.000565335040534 ], [ 12.115583844665936, 56.000568646610553 ], [ 12.115565658956273, 56.000567937776225 ], [ 12.115561948817739, 56.000565694212717 ], [ 12.115553960372162, 56.000562120444748 ], [ 12.115544128987898, 56.000561559952402 ], [ 12.115535999792483, 56.000562215006461 ], [ 12.115507358146942, 56.000571120075954 ], [ 12.115420068879255, 56.000578901002939 ], [ 12.115399140887272, 56.00057601400286 ], [ 12.115394972117441, 56.000574051728741 ], [ 12.115390105135734, 56.000571387915016 ], [ 12.115381227152792, 56.000570713403526 ], [ 12.115355274628188, 56.00057316759704 ], [ 12.115328713117199, 56.00058399781139 ], [ 12.115211988743953, 56.000600793571316 ], [ 12.115179633185662, 56.000601431836586 ], [ 12.115163071362458, 56.000598973799988 ], [ 12.115150583211069, 56.000599289540965 ], [ 12.115102290745797, 56.000611208526628 ], [ 12.115078615756614, 56.000614054574804 ], [ 12.115020813152126, 56.000611470496658 ], [ 12.115003781902658, 56.000615137453686 ], [ 12.114974925768323, 56.000617395277608 ], [ 12.114946318797289, 56.000616770020557 ], [ 12.114912778669822, 56.000614651287478 ], [ 12.114898661764924, 56.000612670800137 ], [ 12.11480930767884, 56.000592814534528 ], [ 12.114732896869116, 56.000578294652698 ], [ 12.114706733627127, 56.000568168146408 ], [ 12.11467222330141, 56.000557982945985 ], [ 12.114634028178681, 56.000551846449326 ], [ 12.114607819227654, 56.000545137247926 ], [ 12.114585998105131, 56.000539126215742 ], [ 12.114577383780569, 56.000535748005468 ], [ 12.114564221534664, 56.000531675666274 ], [ 12.114554224054171, 56.000529051612098 ], [ 12.114503013554634, 56.00052863803446 ], [ 12.114450614892469, 56.000531400941433 ], [ 12.114418968356023, 56.000538853424345 ], [ 12.114379831789998, 56.000548922502624 ], [ 12.11436053137507, 56.000550309348597 ], [ 12.114336894917487, 56.000549648211241 ], [ 12.114294472016127, 56.000554765974215 ], [ 12.114250232494653, 56.000567211473928 ], [ 12.114175571683131, 56.000594360242253 ], [ 12.113882365732266, 56.000664879976931 ], [ 12.113680028806273, 56.000728248108018 ], [ 12.11359169333516, 56.000754932993388 ], [ 12.113538207124988, 56.000762128048962 ], [ 12.113352596472565, 56.000740298040704 ], [ 12.113312725565047, 56.000737260050769 ], [ 12.113248389530829, 56.000743200849314 ], [ 12.11323248728262, 56.000744951148505 ], [ 12.113217927468797, 56.000741453374474 ], [ 12.113197121449712, 56.000730112398188 ], [ 12.113164419343514, 56.000692551745729 ], [ 12.113145465806641, 56.000686288206566 ], [ 12.113104297118985, 56.000687058705516 ], [ 12.113015949218163, 56.000687672733072 ], [ 12.112999262183232, 56.000687644847503 ], [ 12.112965630064249, 56.000670424851137 ], [ 12.112956078165624, 56.000665362133304 ], [ 12.11293115618027, 56.000660687742844 ], [ 12.112890139103348, 56.000663342222182 ], [ 12.112819139049254, 56.000666214792766 ], [ 12.112791770890736, 56.000663040561285 ], [ 12.112749522785013, 56.00065637658313 ], [ 12.112724486642266, 56.000648288867765 ], [ 12.112686433401988, 56.000625966339527 ], [ 12.112632654505948, 56.000613570383003 ], [ 12.112589461597768, 56.000605132236423 ], [ 12.112498458397239, 56.000582708895571 ], [ 12.112430935516985, 56.000576952986812 ], [ 12.112379784005917, 56.000575278447378 ], [ 12.11230948943895, 56.000578941996878 ], [ 12.112275577983864, 56.000588159218054 ], [ 12.112218350257232, 56.0005967067979 ], [ 12.112152843014117, 56.000602047314963 ], [ 12.112119629115735, 56.000601987262897 ], [ 12.112078402751209, 56.000602039683557 ], [ 12.112049105398, 56.000610780700789 ], [ 12.11200145016428, 56.000636616725423 ], [ 12.111970051093593, 56.0006431633294 ], [ 12.111915392113138, 56.000651735785766 ], [ 12.111883890639731, 56.000659004146719 ], [ 12.111776913714255, 56.00067932620076 ], [ 12.111629601395631, 56.000694823375873 ], [ 12.111353621129055, 56.000736224172179 ], [ 12.111320411571381, 56.000740209252776 ], [ 12.11128987913613, 56.000745565107906 ], [ 12.111152308680216, 56.000774480368477 ], [ 12.111050685015114, 56.000787564580129 ], [ 12.110960025963102, 56.000783380933946 ], [ 12.110914020648162, 56.000779867763328 ], [ 12.110872966993689, 56.000772094196584 ], [ 12.110820469291536, 56.000759665105761 ], [ 12.110733100044929, 56.000734541646217 ], [ 12.110650649333323, 56.000700753537707 ], [ 12.110589249245869, 56.000681357178706 ], [ 12.110568555181155, 56.000677384666993 ], [ 12.110488676825778, 56.000669602243271 ], [ 12.110403109871234, 56.000678864399788 ], [ 12.110254943125627, 56.000707686553703 ], [ 12.109932289609738, 56.000741272415695 ], [ 12.109693489188141, 56.000780202726119 ], [ 12.109518315358409, 56.000818335910189 ], [ 12.109471957832492, 56.000838384639053 ], [ 12.109436713669705, 56.000876941785279 ], [ 12.109446968725857, 56.000904731481612 ], [ 12.109466778399018, 56.000923649741488 ], [ 12.109509581376749, 56.00094720185826 ], [ 12.109591153370879, 56.000968067438514 ], [ 12.109777301217829, 56.000990608737247 ], [ 12.109799837331581, 56.000993546001041 ], [ 12.109789998809637, 56.000972937741295 ], [ 12.109746959396992, 56.000904532062279 ], [ 12.109928272220021, 56.000870918354373 ], [ 12.110107291308333, 56.000838710759552 ], [ 12.11028019863708, 56.000804319806903 ], [ 12.110365602856492, 56.000789038610726 ], [ 12.110397432544779, 56.000821767443966 ], [ 12.110427576091226, 56.000851482267358 ], [ 12.110423404693469, 56.000853475453411 ], [ 12.110505540208965, 56.000931232318457 ], [ 12.110585094121282, 56.001006806830709 ], [ 12.11065716501578, 56.001075108592076 ], [ 12.110524061872527, 56.001133666935011 ], [ 12.110585872850162, 56.001190091379073 ], [ 12.110549191081846, 56.001204771994097 ], [ 12.110433282162564, 56.00111402329722 ], [ 12.110399395783913, 56.001127554510511 ], [ 12.110452135073517, 56.001168925186221 ], [ 12.109994873386466, 56.001352174994338 ], [ 12.109751955100798, 56.00145368913752 ], [ 12.109713378842381, 56.001470754685272 ], [ 12.109538655873488, 56.001544476490892 ], [ 12.109492578041543, 56.001510129240593 ], [ 12.109587090398223, 56.001472413688411 ], [ 12.109565773031644, 56.001454702182272 ], [ 12.109471077485098, 56.001494130423197 ], [ 12.109464589531139, 56.001489259811677 ], [ 12.109409968934454, 56.001512303905891 ], [ 12.109498189640425, 56.001577951290088 ], [ 12.109453154018876, 56.001590505017155 ], [ 12.109372958977024, 56.001526902542743 ], [ 12.109219877640282, 56.001582457527618 ], [ 12.109064123072326, 56.001457023146415 ], [ 12.109013596287227, 56.001407235455652 ], [ 12.108787997214428, 56.001229174207964 ], [ 12.108793003256244, 56.001201628700152 ], [ 12.109049098620938, 56.001114347599092 ], [ 12.109151463539686, 56.001114461513268 ], [ 12.109187869027782, 56.001090348894607 ], [ 12.109215892484924, 56.001073729604677 ], [ 12.109177894242995, 56.001048078363233 ], [ 12.109162794955299, 56.001055831104907 ], [ 12.109123423206929, 56.001047025624722 ], [ 12.109075327866922, 56.001035473592566 ], [ 12.109004442383192, 56.001029800651473 ], [ 12.108911107075963, 56.001032245650215 ], [ 12.10886600279337, 56.001039946354908 ], [ 12.108820814680048, 56.001052593603909 ], [ 12.108760101497852, 56.001077679018657 ], [ 12.108696599677767, 56.001113982238564 ], [ 12.108631165854773, 56.001164178615745 ], [ 12.108613871974665, 56.001186550296666 ], [ 12.10860599561299, 56.001208324777529 ], [ 12.108593915114854, 56.001255646745598 ], [ 12.108580700883206, 56.001262902358654 ], [ 12.108563153481882, 56.001274132950734 ], [ 12.108550370243623, 56.001288749405077 ], [ 12.108507748387359, 56.001323357044406 ], [ 12.108494131176368, 56.001343568270691 ], [ 12.108500343150917, 56.001356986299328 ], [ 12.108505172206886, 56.001361179619884 ], [ 12.108509127115392, 56.001366473782092 ], [ 12.108508870256911, 56.00136926713143 ], [ 12.108503677343766, 56.001374522385994 ], [ 12.108494499166824, 56.001376102425645 ], [ 12.10848189534863, 56.001374982020018 ], [ 12.108468586219328, 56.001373070316077 ], [ 12.108366273848477, 56.001341669647559 ], [ 12.108331231687176, 56.00134282337465 ], [ 12.108322969384439, 56.001345818680278 ], [ 12.10832371903696, 56.001355149264214 ], [ 12.108328315883005, 56.001358449459516 ], [ 12.108373351461644, 56.00138383352342 ], [ 12.108379645743943, 56.001394282814189 ], [ 12.1083798748855, 56.001399131579355 ], [ 12.108374856056797, 56.001414541023195 ], [ 12.108362811424602, 56.001424374175919 ], [ 12.108345326134648, 56.001430389026112 ], [ 12.10832759575937, 56.001433353490732 ], [ 12.108290241435959, 56.001431688766978 ], [ 12.108254932491912, 56.001429522938551 ], [ 12.108242334338012, 56.001430470042223 ], [ 12.108242556254714, 56.001435229090646 ], [ 12.108264262697253, 56.001447806759643 ], [ 12.108274310466221, 56.001451059346074 ], [ 12.108278988139547, 56.001453368615316 ], [ 12.108280679875417, 56.001458450180564 ], [ 12.108276309089383, 56.001463954382061 ], [ 12.108257614975413, 56.001470898704234 ], [ 12.108183936525865, 56.001490377557886 ], [ 12.108150746052692, 56.001496608762992 ], [ 12.108134380404584, 56.001494594328165 ], [ 12.108126399640376, 56.001491109790635 ], [ 12.108102916060835, 56.001480374906741 ], [ 12.108056017432034, 56.001473736730304 ], [ 12.108027467540923, 56.001473827610383 ], [ 12.108022189601195, 56.001476028422729 ], [ 12.108028005020605, 56.001484512031858 ], [ 12.108033497645105, 56.001486980551142 ], [ 12.108039323361419, 56.001491598243611 ], [ 12.108039838184602, 56.001494012529818 ], [ 12.108033792648554, 56.001500637755612 ], [ 12.108018273372636, 56.001505164581651 ], [ 12.108002737103776, 56.001503488804325 ], [ 12.107984460446, 56.001497656898017 ], [ 12.10797648690173, 56.001494262067787 ], [ 12.107962907987401, 56.001492986407079 ], [ 12.107954152427835, 56.001493836553578 ], [ 12.10795197112296, 56.001500633999342 ], [ 12.10795211062951, 56.001508361792986 ], [ 12.107983919862074, 56.001546845278547 ], [ 12.107985855072673, 56.001556955048876 ], [ 12.107984260665777, 56.001567063953352 ], [ 12.107952985682505, 56.001627096276962 ], [ 12.107925088398156, 56.001667265615865 ], [ 12.107847985566483, 56.001755962951428 ], [ 12.107798736711233, 56.001803952632258 ], [ 12.107710218701488, 56.001878374162786 ], [ 12.107686690944185, 56.00190503828464 ], [ 12.107672759496232, 56.001935326020373 ], [ 12.107661130960549, 56.001952340522017 ], [ 12.107646079901587, 56.001962698921496 ], [ 12.107619355120928, 56.001973531545794 ], [ 12.107583181241933, 56.001978579250824 ], [ 12.107558394373395, 56.001977586220505 ], [ 12.107506161105126, 56.001970453079821 ], [ 12.107480559273702, 56.001969300789781 ], [ 12.107458244575243, 56.001971122157272 ], [ 12.107448111178416, 56.001974793883178 ], [ 12.107406751584149, 56.002003166251981 ], [ 12.107400206392283, 56.002015557578353 ], [ 12.107383115449787, 56.002028484560356 ], [ 12.107350597704887, 56.002039103624305 ], [ 12.107333719549489, 56.002040697963984 ], [ 12.107321581466181, 56.002039385893788 ], [ 12.107301295260248, 56.002034503552707 ], [ 12.107279990741928, 56.002028927697197 ], [ 12.107268347410658, 56.002027782942747 ], [ 12.107254192735635, 56.002027330812147 ], [ 12.107239629784752, 56.002027787965538 ], [ 12.107225720108433, 56.002030386217697 ], [ 12.107217283049231, 56.002033206054826 ], [ 12.107207550683958, 56.002035878758583 ], [ 12.107182674145923, 56.002037764680061 ], [ 12.107154021362938, 56.002038577138151 ], [ 12.107110085912971, 56.002038875988461 ], [ 12.107037729005743, 56.002032879403764 ], [ 12.107003100058302, 56.002035191009981 ], [ 12.106949069586028, 56.002045633246844 ], [ 12.106877695774305, 56.002047882481364 ], [ 12.106836298068067, 56.002059804106032 ], [ 12.106776704396234, 56.002082882495053 ], [ 12.106742944717235, 56.002108006439485 ], [ 12.106663922742058, 56.002162859470658 ], [ 12.106635365014055, 56.00218084010644 ], [ 12.106608316340289, 56.002195636224506 ], [ 12.106556422867408, 56.002226701158079 ], [ 12.106492936187136, 56.002275229054725 ], [ 12.106476292204215, 56.002301719374032 ], [ 12.106464871050942, 56.002331314374537 ], [ 12.106469177169657, 56.002342982568372 ], [ 12.106475254981097, 56.002350740440278 ], [ 12.10648773245798, 56.002364270292198 ], [ 12.10648955926376, 56.002373034329487 ], [ 12.106487941206423, 56.002384851883683 ], [ 12.10647937344037, 56.002396035563962 ], [ 12.106473663754898, 56.002400854260827 ], [ 12.106430517795552, 56.002422978397149 ], [ 12.106414950571068, 56.00244090116157 ], [ 12.106398165421782, 56.00247962128077 ], [ 12.106395146284923, 56.002495969102434 ], [ 12.106398227500824, 56.002510365147586 ], [ 12.106406910161407, 56.002536576529408 ], [ 12.106415432720446, 56.002562791947092 ], [ 12.106438170136435, 56.002596200494978 ], [ 12.106455086031911, 56.002611056833715 ], [ 12.106479516140036, 56.002621588371994 ], [ 12.106492629474928, 56.002623055736997 ], [ 12.1065212899142, 56.002622333144934 ], [ 12.1065454615677, 56.002619656044402 ], [ 12.106555473482985, 56.002622460182209 ], [ 12.106565072254247, 56.002632107054168 ], [ 12.106566603708822, 56.002637192681021 ], [ 12.10656700392807, 56.002646172483182 ], [ 12.106535732536642, 56.00268031341573 ], [ 12.106521993988681, 56.002766962764902 ], [ 12.106497286851146, 56.002836897755046 ], [ 12.106472814648454, 56.002859809679066 ], [ 12.106461377491742, 56.002873223272594 ], [ 12.106457404869515, 56.002889685032891 ], [ 12.10647836684543, 56.00292295853918 ], [ 12.106486842190648, 56.002962570082275 ], [ 12.106484049635519, 56.002977743506648 ], [ 12.106471734242897, 56.00298821257811 ], [ 12.106454624917371, 56.003004915637696 ], [ 12.106447340278203, 56.003022090190854 ], [ 12.106453659902234, 56.003036854083888 ], [ 12.106480496714598, 56.00305937140363 ], [ 12.106500019537021, 56.003072723630332 ], [ 12.10653866809575, 56.003104472425974 ], [ 12.10654857416003, 56.003147913547373 ], [ 12.10653721975879, 56.00322029875236 ], [ 12.106537968157721, 56.003239608151496 ], [ 12.106566844200444, 56.003269535651427 ], [ 12.106564956961469, 56.003307970072491 ], [ 12.106512263760703, 56.003345078353036 ], [ 12.106478209961905, 56.00335456720746 ], [ 12.106393266760033, 56.003375677409927 ], [ 12.106349707423172, 56.00339466545956 ], [ 12.106323695199842, 56.003422380813589 ], [ 12.106288535064111, 56.003476037869994 ], [ 12.1062805105707, 56.003489994701155 ], [ 12.106277487374641, 56.00350229716765 ], [ 12.106311828573425, 56.003568316210533 ], [ 12.106330430865668, 56.003586186618371 ], [ 12.106334098951027, 56.003603894128652 ], [ 12.106326455571978, 56.003614604993658 ], [ 12.106308299687463, 56.003620276845325 ], [ 12.106278258328674, 56.003617797829733 ], [ 12.106255410204579, 56.003620980896237 ], [ 12.106241894478138, 56.0036304913124 ], [ 12.106236940323484, 56.003636729330516 ], [ 12.106244792382073, 56.003646600060435 ], [ 12.106256233517783, 56.003655211624363 ], [ 12.106258853731481, 56.003663865763357 ], [ 12.106182301404807, 56.003693574368796 ], [ 12.10616298274002, 56.003714738122284 ], [ 12.106165767357847, 56.003753414352218 ], [ 12.106169455364254, 56.003773368836654 ], [ 12.106193210319358, 56.003791468967208 ], [ 12.106208445550404, 56.003797377821456 ], [ 12.106211173823775, 56.003807377720754 ], [ 12.10619666685953, 56.00381853129943 ], [ 12.106095753450534, 56.003858563048148 ], [ 12.106080017542778, 56.003868399108477 ], [ 12.106070182796593, 56.003879794488363 ], [ 12.10606836842692, 56.003891167486543 ], [ 12.106039498347963, 56.003959229518742 ], [ 12.106040166001284, 56.003961550059927 ], [ 12.106030962855625, 56.003974817391594 ], [ 12.106020576676068, 56.003975348900809 ], [ 12.105942432002434, 56.003967250050223 ], [ 12.1059137417387, 56.003967613649763 ], [ 12.105900085037828, 56.003971374049627 ], [ 12.105890761033722, 56.003981138359762 ], [ 12.105894776980637, 56.004009175484207 ], [ 12.105902164307272, 56.004035239750316 ], [ 12.105897282080944, 56.004042374928851 ], [ 12.105839628922622, 56.004055694815207 ], [ 12.105832454576696, 56.004062258474413 ], [ 12.105831681737639, 56.004072616327008 ], [ 12.105844384518239, 56.004086949656944 ], [ 12.105868110708421, 56.004104690979624 ], [ 12.105892556638898, 56.004123403043558 ], [ 12.105917192145789, 56.004150470921182 ], [ 12.105955946732578, 56.00419552226743 ], [ 12.105960244706996, 56.004217079560703 ], [ 12.105949687455505, 56.004239460805849 ], [ 12.105913688235223, 56.00427668738682 ], [ 12.105891257067443, 56.004303053782934 ], [ 12.105863203741432, 56.004307356863315 ], [ 12.105827076368627, 56.004340990691446 ], [ 12.105788077253928, 56.004370831240252 ], [ 12.105750138480554, 56.004385901632602 ], [ 12.105702098182858, 56.004409047824822 ], [ 12.105637744818374, 56.004452832408376 ], [ 12.105582551507235, 56.004508792131539 ], [ 12.105514850218245, 56.004560841824663 ], [ 12.10543241026871, 56.004613173034194 ], [ 12.105423185158999, 56.004626171171374 ], [ 12.105417856113155, 56.004653724632689 ], [ 12.105393363890435, 56.004672411570446 ], [ 12.105305415222098, 56.004706092658424 ], [ 12.105261423907976, 56.004725720470717 ], [ 12.105245304538959, 56.004740780213403 ], [ 12.105253951939218, 56.004782545057886 ], [ 12.105252879811145, 56.004785179143852 ], [ 12.105240331863538, 56.004802755948262 ], [ 12.105201413945439, 56.004821626589695 ], [ 12.105008534299838, 56.004907306224702 ], [ 12.104848275530051, 56.004983623183058 ], [ 12.104831457788604, 56.004997981274109 ], [ 12.10482215017382, 56.005021949099913 ], [ 12.104829014219044, 56.005063489207203 ], [ 12.104825869736947, 56.005072288628881 ], [ 12.104812861033713, 56.00509212446628 ], [ 12.104737785696601, 56.00512628984017 ], [ 12.104682123653244, 56.005132456976725 ], [ 12.104648598609323, 56.005142561264421 ], [ 12.104627275625226, 56.005156763143539 ], [ 12.104539550796609, 56.005207249100728 ], [ 12.104506166225148, 56.005223103334338 ], [ 12.104408497019842, 56.00522565396755 ], [ 12.104381565451066, 56.005227950662352 ], [ 12.104348976249335, 56.005249718136419 ], [ 12.104347843300708, 56.0052635910993 ], [ 12.104368448277548, 56.005288423452569 ], [ 12.104373957654692, 56.005297094735468 ], [ 12.104378537113101, 56.005312172263338 ], [ 12.104315667708047, 56.00537848332894 ], [ 12.104266769679951, 56.00542295656038 ], [ 12.104212433618775, 56.005443653681418 ], [ 12.104150053451919, 56.005466081704917 ], [ 12.104115475617203, 56.005481066899328 ], [ 12.104093202418403, 56.005499427963329 ], [ 12.104026160229756, 56.005575732857082 ], [ 12.103866026854863, 56.005743652194319 ], [ 12.103848512679205, 56.005779333700715 ], [ 12.103836980591881, 56.005807582716031 ], [ 12.103842420092068, 56.005829381007608 ], [ 12.103844374528425, 56.005849738805878 ], [ 12.103831494653475, 56.005871189460699 ], [ 12.103721901623979, 56.006005112331515 ], [ 12.103693656476752, 56.006027039892992 ], [ 12.103557670608314, 56.00609600126289 ], [ 12.103543669450195, 56.006109479132625 ], [ 12.103539328465487, 56.006137367195755 ], [ 12.1035399425206, 56.006167018331837 ], [ 12.103523291116304, 56.006181461937771 ], [ 12.10350317077271, 56.006192666656318 ], [ 12.103457390176711, 56.00620802370851 ], [ 12.103399797946397, 56.006238151932102 ], [ 12.103384553407922, 56.006250132817947 ], [ 12.103379630914372, 56.006260774951464 ], [ 12.103379944085455, 56.006268678157468 ], [ 12.103391595906407, 56.006277913972212 ], [ 12.103414942636899, 56.006288922913889 ], [ 12.103496173806491, 56.006309441618171 ], [ 12.10351712936477, 56.006316645118005 ], [ 12.103536566484875, 56.006328921191184 ], [ 12.103561023620923, 56.006351768779325 ], [ 12.103585108221447, 56.006367973235314 ], [ 12.103634414061275, 56.006374552550668 ], [ 12.103702187032264, 56.006379318215423 ], [ 12.103986792264873, 56.006434808710267 ], [ 12.103997244172435, 56.006443085809515 ], [ 12.103990214813306, 56.006449465899273 ], [ 12.103954520133696, 56.006450544852839 ], [ 12.103870274966157, 56.00643846295322 ], [ 12.10360257950213, 56.006413741163669 ], [ 12.103533043426278, 56.006418998615978 ], [ 12.103507769998513, 56.006429973526863 ], [ 12.103499403830885, 56.006441691285566 ], [ 12.103498623143892, 56.006451959410285 ], [ 12.103513067487746, 56.006464001642307 ], [ 12.103538614766741, 56.00647243797215 ], [ 12.103741205548754, 56.006487652348177 ], [ 12.103813838692238, 56.006502993491864 ], [ 12.103820877443999, 56.006510727287711 ], [ 12.103821795642284, 56.006534167745947 ], [ 12.103804419028496, 56.006545573096659 ], [ 12.103757579886331, 56.006547741796069 ], [ 12.10371217453641, 56.00654178347154 ], [ 12.103581099063391, 56.006529981939707 ], [ 12.103493847472302, 56.006526425990742 ], [ 12.103482866899137, 56.006531557084585 ], [ 12.103479777690517, 56.006535051043905 ], [ 12.103475031484221, 56.006543890764974 ], [ 12.103477221557274, 56.006569187063789 ], [ 12.103482803179853, 56.006594757537606 ], [ 12.103483068691302, 56.006656061823577 ], [ 12.103478231325044, 56.006701762343056 ], [ 12.103425689834822, 56.006796850078622 ], [ 12.103387632944488, 56.00683448726263 ], [ 12.103374257826664, 56.006863771526042 ], [ 12.103376021506296, 56.006893753300496 ], [ 12.103286360642095, 56.007100171517102 ], [ 12.103241849824, 56.007175369076876 ], [ 12.103221239849621, 56.007220477908199 ], [ 12.103211399008073, 56.007325817402467 ], [ 12.103183240561922, 56.007508841238142 ], [ 12.10315429984113, 56.00756611638532 ], [ 12.103134706601578, 56.007661902495343 ], [ 12.103102363548327, 56.007754773319149 ], [ 12.103043481218814, 56.007896857780736 ], [ 12.10301796748176, 56.007922851718334 ], [ 12.103012663260316, 56.007936739798765 ], [ 12.103005885437549, 56.007954260937176 ], [ 12.102989472396926, 56.007969687338537 ], [ 12.102980852169807, 56.008004245735194 ], [ 12.102897849413717, 56.008135700154277 ], [ 12.102875397819375, 56.008155863430574 ], [ 12.10285099754087, 56.008165737414778 ], [ 12.102819477420431, 56.008176869458239 ], [ 12.10280981878919, 56.008192485350378 ], [ 12.102798974427541, 56.008239325964325 ], [ 12.102789754802588, 56.008252413635304 ], [ 12.10277992700634, 56.008261920669248 ], [ 12.102755944072829, 56.008276998251894 ], [ 12.102723882250073, 56.008283379275447 ], [ 12.102706993954431, 56.008292884284515 ], [ 12.102609893652312, 56.008476654920052 ], [ 12.102546727825299, 56.008635388311106 ], [ 12.102526006266643, 56.008729135021952 ], [ 12.102538810000336, 56.008776728679727 ], [ 12.102585662207581, 56.008890709320596 ], [ 12.102587646554362, 56.008965455106214 ], [ 12.102549644151535, 56.009043814735357 ], [ 12.102542379919695, 56.009099285352065 ], [ 12.102506779431565, 56.00917758448923 ], [ 12.102450128025039, 56.009279517583124 ], [ 12.102403004190599, 56.009350195716195 ], [ 12.10238106057435, 56.009402709637783 ], [ 12.102394071269627, 56.009454882931905 ], [ 12.102393372843538, 56.009486185271371 ], [ 12.102367472523982, 56.009519380679443 ], [ 12.10233262587993, 56.009537069035979 ], [ 12.102297734293078, 56.009548195907129 ], [ 12.10225142941685, 56.009551069721013 ], [ 12.102232680163834, 56.009541383178664 ], [ 12.102223244477345, 56.009527776318727 ], [ 12.102206041041205, 56.009507352909502 ], [ 12.102188722259937, 56.009501495993902 ], [ 12.102149564360529, 56.009513449415316 ], [ 12.102109972459786, 56.009546000554863 ], [ 12.102066632837243, 56.009553833979787 ], [ 12.102046044305384, 56.009565230009329 ], [ 12.101965897299561, 56.009640335206896 ], [ 12.101936511160545, 56.009672089986772 ], [ 12.101945474903326, 56.009707823829416 ], [ 12.102007406634606, 56.009753731352326 ], [ 12.10206688427615, 56.00979304811942 ], [ 12.102097798976272, 56.009816362738576 ], [ 12.102106565330084, 56.00982962686286 ], [ 12.102093728247652, 56.009849637837966 ], [ 12.102032141650549, 56.009910071838554 ], [ 12.101878363805906, 56.010119541149088 ], [ 12.101784121160343, 56.010251007903044 ], [ 12.101766187676612, 56.010279507699032 ], [ 12.101712512058716, 56.010332550498461 ], [ 12.101545091917027, 56.010461993291536 ], [ 12.101413409213906, 56.010524820472796 ], [ 12.101297065026642, 56.0106168381486 ], [ 12.101266148776658, 56.010679556399495 ], [ 12.101196287216119, 56.010704868015026 ], [ 12.101167021962224, 56.010738147822742 ], [ 12.101154210371055, 56.010776497374181 ], [ 12.101094687190898, 56.010822674942062 ], [ 12.100944468386489, 56.010886507447637 ], [ 12.100818198448268, 56.010934813964013 ], [ 12.100711387730442, 56.010973640848441 ], [ 12.100641658973437, 56.010988610449594 ], [ 12.100547621454707, 56.011006618902265 ], [ 12.100487117081643, 56.011042572402253 ], [ 12.100400515902106, 56.011161349815247 ], [ 12.100366781723569, 56.011222970025578 ], [ 12.100246247387606, 56.011344848506695 ], [ 12.100035692401198, 56.011498837829272 ], [ 12.099945256056575, 56.011539769255073 ], [ 12.099876269204131, 56.011554000551641 ], [ 12.099828269033305, 56.011597819935155 ], [ 12.099701843137133, 56.011660243257211 ], [ 12.099625092907839, 56.011699751398012 ], [ 12.099584365776675, 56.011720193899279 ], [ 12.09953672978285, 56.011726516281215 ], [ 12.099490220073042, 56.011756903143016 ], [ 12.099420710983759, 56.011790655308737 ], [ 12.099346721496209, 56.011798539422585 ], [ 12.09934844124688, 56.011826005141806 ], [ 12.099329394635433, 56.011858667874499 ], [ 12.099229289106377, 56.011929148877819 ], [ 12.099136497662531, 56.011964744996298 ], [ 12.099082517628855, 56.011996038753857 ], [ 12.099059427445656, 56.012046333354448 ], [ 12.09899240481915, 56.012075078312442 ], [ 12.098825468933907, 56.012198751465696 ], [ 12.098714806554247, 56.012261676311944 ], [ 12.098670522901601, 56.012313852223237 ], [ 12.098633129131143, 56.01233385098098 ], [ 12.098600985347666, 56.012345267253316 ], [ 12.098568738570279, 56.012343381118114 ], [ 12.098475805776658, 56.012373226760751 ], [ 12.098392590012645, 56.012404176497746 ], [ 12.098309914106437, 56.012433854023556 ], [ 12.098227087128159, 56.012461647420437 ], [ 12.098183714672832, 56.01246912065151 ], [ 12.098157019265205, 56.012498469436707 ], [ 12.09806438169692, 56.012552040554652 ], [ 12.098001095559185, 56.012591388941473 ], [ 12.097967432316416, 56.012649950080679 ], [ 12.097943130720308, 56.012673125535279 ], [ 12.097875308652293, 56.012733983734591 ], [ 12.097830092130394, 56.012778541392407 ], [ 12.097781262651631, 56.012804041463717 ], [ 12.097699434443893, 56.012822280136589 ], [ 12.097553188745087, 56.012881783203717 ], [ 12.097477280924357, 56.012911829416481 ], [ 12.097437253703458, 56.012914993061685 ], [ 12.09742134254364, 56.012926720198188 ], [ 12.097382733992767, 56.012951603611278 ], [ 12.097360191636049, 56.012962688322865 ], [ 12.09734241503997, 56.012969158321553 ], [ 12.097323000808911, 56.012989244154838 ], [ 12.097269658513463, 56.013020521045384 ], [ 12.097221447435281, 56.013045735646664 ], [ 12.097144949644896, 56.013082448964028 ], [ 12.097018101049811, 56.013129687168252 ], [ 12.096966937964298, 56.013158122300958 ], [ 12.096872958689532, 56.013196982836931 ], [ 12.096777982344067, 56.013235418861555 ], [ 12.096713755592187, 56.013267058916 ], [ 12.096648184544232, 56.013309970027628 ], [ 12.096556837731189, 56.01335766411438 ], [ 12.096461220877902, 56.013402139177565 ], [ 12.096386302992201, 56.013430541643729 ], [ 12.096355115179515, 56.013451912019264 ], [ 12.096267216922531, 56.013480550652709 ], [ 12.09611489767976, 56.013544429768849 ], [ 12.095952359854035, 56.013598946268374 ], [ 12.095851073443272, 56.01362072905993 ], [ 12.095690935159363, 56.013657115332478 ], [ 12.095498095490781, 56.013720033772387 ], [ 12.095449924088129, 56.013733739651052 ], [ 12.095431811438955, 56.013734014811632 ], [ 12.095390799175503, 56.01374493378691 ], [ 12.095261583390418, 56.013782700341515 ], [ 12.09522334709199, 56.013778176901468 ], [ 12.095177221070859, 56.013785358610058 ], [ 12.0951565061818, 56.01379522832319 ], [ 12.095054697433017, 56.013860624310112 ], [ 12.095019538189568, 56.013884521331889 ], [ 12.094945615170371, 56.013913347398933 ], [ 12.094874638391815, 56.013930862124887 ], [ 12.094802123952354, 56.013943201315008 ], [ 12.094740069150678, 56.013943860694248 ], [ 12.094715102516705, 56.013940711930843 ], [ 12.094665927065195, 56.013959926513003 ], [ 12.09464057163609, 56.013965957137579 ], [ 12.094609949595045, 56.013968344274829 ], [ 12.094543609005228, 56.013973606097721 ], [ 12.094437180142226, 56.013983290646621 ], [ 12.09437720790643, 56.013989920743001 ], [ 12.094293961748571, 56.013996505903435 ], [ 12.094061087769353, 56.014012421491067 ], [ 12.093954206429332, 56.014016453380009 ], [ 12.093817974804521, 56.01402472805367 ], [ 12.093694747727234, 56.01403708113294 ], [ 12.093606981681418, 56.014055376185674 ], [ 12.093567383166315, 56.014057898501228 ], [ 12.093527114890497, 56.01405405483078 ], [ 12.09348609074712, 56.014042768554731 ], [ 12.093446644463407, 56.014033150727471 ], [ 12.09340112935905, 56.014033933641031 ], [ 12.093354473848468, 56.014032497703575 ], [ 12.09332849831333, 56.014026766931167 ], [ 12.093298225521476, 56.014035527759312 ], [ 12.093223884307109, 56.014053125969753 ], [ 12.093208508613099, 56.014053511899952 ], [ 12.093150654992991, 56.014034467178774 ], [ 12.093122294327035, 56.01403904464415 ], [ 12.093098354293872, 56.014054748446625 ], [ 12.09305749138923, 56.014061527556485 ], [ 12.09300715926809, 56.014060273663709 ], [ 12.092964144744265, 56.014064229996265 ], [ 12.092923162701842, 56.014079552396652 ], [ 12.092904572547257, 56.014095930975941 ], [ 12.092884984930819, 56.014099838712127 ], [ 12.09287222665432, 56.014096832670113 ], [ 12.092827329451294, 56.014073237404467 ], [ 12.092800062621896, 56.014057380412957 ], [ 12.092778390311784, 56.0140572950245 ], [ 12.092756393072015, 56.014061173314921 ], [ 12.092736341351001, 56.014057271516826 ], [ 12.092701262698107, 56.014048083232694 ], [ 12.092672359201877, 56.014049887367001 ], [ 12.092627585411385, 56.014057933157922 ], [ 12.092586277800182, 56.014065172762024 ], [ 12.092491144999675, 56.01405758135467 ], [ 12.09245845495688, 56.0140601996454 ], [ 12.092443891876375, 56.014056699458962 ], [ 12.092403910689823, 56.014056444152871 ], [ 12.092332748230453, 56.014069646932263 ], [ 12.092305697039532, 56.014062504563434 ], [ 12.092268840396631, 56.014067205118145 ], [ 12.092249284137326, 56.014081540174523 ], [ 12.092222114261601, 56.014101010677344 ], [ 12.092178999527448, 56.01411575705027 ], [ 12.092150000355574, 56.01411837254669 ], [ 12.092092764613769, 56.014125112656473 ], [ 12.092039255345153, 56.014120252252532 ], [ 12.091955370138313, 56.014124874092978 ], [ 12.091860115745028, 56.014133826542896 ], [ 12.091692706316842, 56.014151601206265 ], [ 12.091601470239773, 56.014160632441062 ], [ 12.091524694217073, 56.014161839299128 ], [ 12.091486995810879, 56.014158020392799 ], [ 12.09145848672785, 56.01417078194175 ], [ 12.09140292894606, 56.014180446280015 ], [ 12.09131824027247, 56.014181042414243 ], [ 12.091149838196269, 56.014170343467278 ], [ 12.09097271323367, 56.014154918669647 ], [ 12.090839153143829, 56.014120331431464 ], [ 12.090731037807023, 56.014090859396219 ], [ 12.090693392142049, 56.014085690451623 ], [ 12.090648256985745, 56.014085204240871 ], [ 12.090608916353975, 56.0140909554732 ], [ 12.090573900003953, 56.014108644618247 ], [ 12.090549710037896, 56.014143322718937 ], [ 12.090533141267288, 56.014154885623284 ], [ 12.090498913801859, 56.014164374216982 ], [ 12.090407560053748, 56.014185993274708 ], [ 12.090366684590323, 56.01419061423907 ], [ 12.090332736994993, 56.014185532244369 ], [ 12.090296104778322, 56.014185012475082 ], [ 12.090232858770012, 56.01419486907259 ], [ 12.090152331329632, 56.014221430560553 ], [ 12.090036256507549, 56.014259041823379 ], [ 12.089988864186441, 56.014270478537263 ], [ 12.089967416432414, 56.014271196106534 ], [ 12.089944864141311, 56.014276166585468 ], [ 12.089907645574032, 56.014296427902828 ], [ 12.089876903162615, 56.014307357209404 ], [ 12.089855964734639, 56.01430239839749 ], [ 12.089824328283301, 56.014312181429034 ], [ 12.08977969693567, 56.014322020565885 ], [ 12.089612135101913, 56.014337908333431 ], [ 12.089525664925718, 56.014342323619999 ], [ 12.089500992544931, 56.014336829070089 ], [ 12.089484582016755, 56.014326272888333 ], [ 12.089459206948728, 56.014318009100265 ], [ 12.089429444903272, 56.014319114805673 ], [ 12.089404389435288, 56.014328912544435 ], [ 12.089366539764423, 56.014341278467967 ], [ 12.089322778549278, 56.014347949185165 ], [ 12.089304447501672, 56.014359556094867 ], [ 12.089287346792966, 56.014388572420948 ], [ 12.089258529989516, 56.014419590507238 ], [ 12.089236797092484, 56.014432810952869 ], [ 12.089199655197728, 56.014437967220573 ], [ 12.089170478573749, 56.014442384422352 ], [ 12.089159512575888, 56.014455784450817 ], [ 12.08912653379366, 56.014484929070186 ], [ 12.089102453470783, 56.014494882097708 ], [ 12.08908265988822, 56.014494209573051 ], [ 12.089067295503797, 56.014502775440043 ], [ 12.089016406677974, 56.01453272855516 ], [ 12.088967404564576, 56.014550138501363 ], [ 12.08895121997759, 56.014562500637943 ], [ 12.088962272676945, 56.01458433856731 ], [ 12.088994243934101, 56.014626958047046 ], [ 12.089004937707914, 56.014656356422009 ], [ 12.088998369326701, 56.014686636973131 ], [ 12.088981656205641, 56.014702428493997 ], [ 12.088905250019794, 56.01473841505112 ], [ 12.088806553956596, 56.014778646059838 ], [ 12.088730382846315, 56.014795478288463 ], [ 12.088678046500664, 56.014795261728011 ], [ 12.08861675157349, 56.01477531226201 ], [ 12.088542624739762, 56.0147474137204 ], [ 12.088474985250688, 56.014730410036535 ], [ 12.088407332805783, 56.014729318626429 ], [ 12.088337788722127, 56.014738702777471 ], [ 12.088167034973951, 56.014760871511363 ], [ 12.08796984002888, 56.014771476392063 ], [ 12.087859803662894, 56.014792303074998 ], [ 12.087724000165931, 56.014803976354671 ], [ 12.087617092251534, 56.014803688255832 ], [ 12.087547251549283, 56.014811371321699 ], [ 12.087463279710715, 56.014824982063246 ], [ 12.087378052548546, 56.014840961548302 ], [ 12.087302867169706, 56.014866128720051 ], [ 12.087255824253178, 56.014881960617863 ], [ 12.08721260442495, 56.014891403852587 ], [ 12.08719375099427, 56.014906529550416 ], [ 12.087124643987641, 56.014937477621771 ], [ 12.087065648954018, 56.014968442045912 ], [ 12.087047363108635, 56.01497258592449 ], [ 12.08699409352676, 56.014978774792702 ], [ 12.086967219198604, 56.014997966991402 ], [ 12.086936608946552, 56.015034693009163 ], [ 12.086885967794508, 56.015073808619341 ], [ 12.086853133894579, 56.015090722816993 ], [ 12.086822880240256, 56.015099751235724 ], [ 12.086801655930788, 56.015129409859611 ], [ 12.086788421159181, 56.01515662090852 ], [ 12.08675274707468, 56.015174145605791 ], [ 12.086715505750103, 56.015204205391342 ], [ 12.086669208341592, 56.015217321438072 ], [ 12.086611310961427, 56.015237919852048 ], [ 12.086484439684966, 56.015265010300872 ], [ 12.086400149242147, 56.015292742287528 ], [ 12.08628437817095, 56.015370436882094 ], [ 12.086143886895808, 56.015456122054843 ], [ 12.085921490766216, 56.015559230578532 ], [ 12.08583950239391, 56.015579622773217 ], [ 12.085755465662565, 56.015596470275391 ], [ 12.085705349118671, 56.015595927161236 ], [ 12.085332880831844, 56.015630513978188 ], [ 12.08515781633519, 56.01566510242148 ], [ 12.084972606977303, 56.015707316206665 ], [ 12.084899342261092, 56.015720387439565 ], [ 12.084835492634317, 56.015742842053328 ], [ 12.084759001743981, 56.015777839193618 ], [ 12.084675179563842, 56.015807446104645 ], [ 12.084626260709779, 56.015819907792888 ], [ 12.084546157356668, 56.015839802437263 ], [ 12.08442877228609, 56.015859101850808 ], [ 12.084239484006453, 56.01588038044531 ], [ 12.083967755088658, 56.015900305655201 ], [ 12.083676317977744, 56.015930702082116 ], [ 12.08364880844084, 56.015933907562477 ], [ 12.083551371042795, 56.015947762612882 ], [ 12.083405762978742, 56.015995545694778 ], [ 12.083187188588584, 56.016086327379405 ], [ 12.082977430480991, 56.016150817682899 ], [ 12.082885820407224, 56.016177381837544 ], [ 12.082804304963387, 56.016185623905614 ], [ 12.08269795946662, 56.016186396191884 ], [ 12.082634763824691, 56.016192921326464 ], [ 12.082531765029898, 56.016205476295752 ], [ 12.082352402191246, 56.016248618603434 ], [ 12.082280798928807, 56.016274502112601 ], [ 12.082197019241352, 56.016282530709404 ], [ 12.082140922452723, 56.016283484166813 ], [ 12.082013629425029, 56.016265092074178 ], [ 12.081803326192047, 56.016246258525989 ], [ 12.081637339881429, 56.01624177893467 ], [ 12.081554496738676, 56.016271628886422 ], [ 12.081472320034589, 56.016283662315878 ], [ 12.081332807722005, 56.016317356288553 ], [ 12.081293002880686, 56.016319340384293 ], [ 12.081224878738604, 56.016310345764424 ], [ 12.081040076569904, 56.016273163440786 ], [ 12.080956631450315, 56.016271294049218 ], [ 12.080837332932273, 56.016272658237817 ], [ 12.080755070205447, 56.016283614560422 ], [ 12.080614484444991, 56.016323986993569 ], [ 12.080393322522477, 56.016386420527986 ], [ 12.080309284477176, 56.016401286533338 ], [ 12.080180306065296, 56.016410083856343 ], [ 12.080122994028358, 56.016430035229902 ], [ 12.080027414665524, 56.016475305297803 ], [ 12.079987339131517, 56.016512176132942 ], [ 12.079971721639158, 56.016551851835914 ], [ 12.07999230218525, 56.016596646056392 ], [ 12.080037089571563, 56.016637059586763 ], [ 12.080054993946121, 56.016660345175708 ], [ 12.080060048064631, 56.016693570997347 ], [ 12.080066040464972, 56.016790960495818 ], [ 12.080080959061688, 56.016941975771516 ], [ 12.080052942933804, 56.017093974174927 ], [ 12.080012446520502, 56.017256532832356 ], [ 12.079976575568745, 56.017309929687144 ], [ 12.079875927138112, 56.017408455955902 ], [ 12.079720706015991, 56.017470678639413 ], [ 12.079654167287144, 56.017495714821194 ], [ 12.079601629098002, 56.017535324173465 ], [ 12.079570635401637, 56.017593543408857 ], [ 12.079577660233262, 56.017623303878231 ], [ 12.079577364934801, 56.01763571716895 ], [ 12.079567862509439, 56.01764134848851 ], [ 12.0795529437366, 56.017651520146885 ], [ 12.07954536243161, 56.017701423130156 ], [ 12.079510847455037, 56.01773357004312 ], [ 12.079467873773455, 56.017750196169025 ], [ 12.079464404021079, 56.017777162341623 ], [ 12.079510743562011, 56.017851159102996 ], [ 12.079520197519233, 56.017945675268699 ], [ 12.079511459056047, 56.01797097513473 ], [ 12.079499479382354, 56.017977747121883 ], [ 12.079479654967832, 56.017986782775942 ], [ 12.079470965292092, 56.018008665299064 ], [ 12.079497818179071, 56.018041526245518 ], [ 12.0794606065786, 56.018080123270252 ], [ 12.079418270851454, 56.01811282515667 ], [ 12.079329669053747, 56.018177248310025 ], [ 12.079260904210937, 56.018190473355801 ], [ 12.079142365347032, 56.01820548131996 ], [ 12.079075048019368, 56.018214714588289 ], [ 12.07904873563486, 56.01822894654395 ], [ 12.079059340910471, 56.018245222799806 ], [ 12.07909585596753, 56.018258334593931 ], [ 12.07911721563921, 56.01826454328981 ], [ 12.079077700925019, 56.018280273768667 ], [ 12.07903756688045, 56.018296289400936 ], [ 12.078973612068612, 56.01830139319982 ], [ 12.078949743625255, 56.018297944091096 ], [ 12.078928722332892, 56.018279860392042 ], [ 12.078909642108854, 56.018278089612366 ], [ 12.078895468543069, 56.018281500226458 ], [ 12.078872518026781, 56.018301671314447 ], [ 12.078804146503414, 56.018348058591712 ], [ 12.078763328673283, 56.018363551826532 ], [ 12.078689673178133, 56.01837986534894 ] ] ] } }
]
}
